time,latitude,longitude,depth,mag,magType,nst,gap,dmin,rms,net,id,updated,place,type,horizontalError,depthError,magError,magNst,status,locationSource,magSource
2020-03-25T02:49:21.160Z,48.9638,157.6955,57.8,7.5,mww,,12,4.109,0.66,us,us70008fi4,2020-05-05T21:44:38.681Z,"221km SSE of Severo-Kuril'sk, Russia",earthquake,5.6,2.7,0.02,239,reviewed,us,us
2020-02-13T10:33:44.406Z,45.6161,148.959,143,7,mww,,25,4.501,0.83,us,us70007pa9,2020-05-02T22:09:44.040Z,"94km ENE of Kuril'sk, Russia",earthquake,7.3,1.9,0.027,131,reviewed,us,us
2020-01-28T19:10:24.918Z,19.4193,-78.756,14.86,7.7,mww,,26,1.657,0.75,us,us60007idc,2020-04-11T18:21:03.040Z,"123km NNW of Lucea, Jamaica",earthquake,6,2.9,0.022,199,reviewed,us,us
2019-11-14T16:17:40.578Z,1.6213,126.4156,33,7.1,mww,,11,1.271,1.15,us,us60006bjl,2020-03-27T13:47:25.007Z,"138km E of Bitung, Indonesia",earthquake,6.1,1.7,0.036,75,reviewed,us,us
2019-07-14T09:10:51.523Z,-0.5858,128.034,18.98,7.2,mww,,38,1.504,0.88,us,us70004jyv,2020-03-27T13:55:09.874Z,"93km NNE of Laiwui, Indonesia",earthquake,7.3,3.4,0.049,40,reviewed,us,us
2019-07-06T03:19:53.040Z,35.7695,-117.5993333,8,7.1,mw,77,43,0.04616,0.22,ci,ci38457511,2020-05-13T00:10:59.865Z,"2019 Ridgecrest Earthquake Sequence",earthquake,0.19,31.61,,0,reviewed,ci,ci
2019-06-24T02:53:39.830Z,-6.4078,129.1692,212,7.3,mww,,16,2.629,1.08,us,us600044zz,2020-03-27T13:41:02.786Z,"292km NW of Saumlaki, Indonesia",earthquake,5.1,1.8,0.045,48,reviewed,us,us
2019-06-15T22:55:04.130Z,-30.6441,-178.0995,46,7.3,mww,,11,1.402,0.81,us,us6000417i,2019-09-06T14:25:11.040Z,"116km NE of L'Esperance Rock, New Zealand",earthquake,9.1,1.8,0.029,113,reviewed,us,us
2019-05-26T07:41:15.073Z,-5.8119,-75.2697,122.57,8,mww,,17,3.18,0.84,us,us60003sc0,2020-03-27T13:39:04.078Z,"78km SE of Lagunas, Peru",earthquake,7,4,0.036,75,reviewed,us,us
2019-05-14T12:58:25.939Z,-4.051,152.5967,10,7.6,mww,,16,0.453,1,us,us70003kyy,2020-03-27T13:51:14.829Z,"46km SSE of Namatanai, Papua New Guinea",earthquake,3.8,1.6,0.046,45,reviewed,us,us
2019-05-06T21:19:37.983Z,-6.9746,146.4494,146,7.1,mww,,16,2.514,1.02,us,us70003hqb,2020-03-27T13:50:44.212Z,"33km NW of Bulolo, Papua New Guinea",earthquake,6.6,1.6,0.032,93,reviewed,us,us
2019-03-01T08:50:42.591Z,-14.7131,-70.1546,267,7,mww,,42,2.501,1.13,us,us1000j96d,2020-03-27T12:12:19.518Z,"23km NNE of Azangaro, Peru",earthquake,7.6,1.9,0.033,87,reviewed,us,us
2019-02-22T10:17:23.770Z,-2.1862,-77.0505,145,7.5,mww,,15,2.045,1.12,us,us2000jlfv,2020-03-27T13:36:29.135Z,"111km ESE of Palora, Ecuador",earthquake,6.2,1.8,0.026,144,reviewed,us,us
2018-12-29T03:39:09.740Z,5.8983,126.9209,60.21,7,mww,,21,1.769,1.45,us,us2000iyta,2020-03-27T13:31:53.403Z,"96km ESE of Pondaguitan, Philippines",earthquake,6.1,3.2,0.038,67,reviewed,us,us
2018-12-20T17:01:55.150Z,55.0999,164.6993,16.56,7.3,mww,,23,4.126,0.79,us,us2000ivfw,2019-02-23T20:21:43.040Z,"83km W of Nikol'skoye, Russia",earthquake,7.9,2.9,0.025,155,reviewed,us,us
2018-12-11T02:26:29.420Z,-58.5446,-26.3856,133,7.1,mww,,20,7.043,0.92,us,us2000isc8,2019-02-16T22:29:03.040Z,"54km N of Bristol Island, South Sandwich Islands",earthquake,9.8,1.9,0.029,113,reviewed,us,us
2018-12-05T04:18:08.420Z,-21.9496,169.4266,10,7.5,mww,,18,2.405,0.74,us,us1000i2gt,2020-03-27T12:11:38.010Z,"165km ESE of Tadine, New Caledonia",earthquake,5.1,1.5,0.047,44,reviewed,us,us
2018-11-30T17:29:29.330Z,61.3464,-149.9552,46.7,7.1,mw,,,,1.04,ak,ak018fcnsk91,2020-03-26T16:53:52.246Z,"14km NNW of Anchorage, Alaska",earthquake,,0.1,,,reviewed,ak,ak
2018-10-10T20:48:20.100Z,-5.7012,151.2046,39,7,mww,,18,1.778,1.1,us,us1000haa3,2020-03-27T12:08:01.464Z,"118km E of Kimbe, Papua New Guinea",earthquake,7.2,1.9,0.056,31,reviewed,us,us
2018-09-28T10:02:45.250Z,-0.2559,119.8462,20,7.5,mww,,13,1.649,1,us,us1000h3p4,2020-03-27T12:05:28.225Z,"70km N of Palu, Indonesia",earthquake,5.8,1.8,0.05,39,reviewed,us,us
2018-09-06T15:49:18.710Z,-18.4743,179.3502,670.81,7.9,mww,,12,1.431,1.07,us,us2000h9e2,2020-03-27T13:26:40.434Z,"102km ESE of Suva, Fiji",earthquake,9.5,2.8,0.025,157,reviewed,us,us
2018-08-29T03:51:56.100Z,-22.0295,170.1262,21.43,7.1,mww,,23,2.548,0.98,us,us1000gjaz,2018-11-07T18:37:04.040Z,"202km WNW of Ile Hunter, New Caledonia",earthquake,5.8,2.8,0.049,40,reviewed,us,us
2018-08-24T09:04:08.250Z,-11.0355,-70.8284,630,7.1,mww,,12,3.77,0.99,us,us1000ggj4,2018-11-01T17:50:57.040Z,"140km WNW of Iberia, Peru",earthquake,9.1,1.9,0.055,32,reviewed,us,us
2018-08-21T21:31:47.600Z,10.7731,-62.9019,146.82,7.3,mww,,15,1.822,1.1,us,us1000gez7,2020-03-27T12:03:05.070Z,"24km ENE of Rio Caribe, Venezuela",earthquake,7.5,3.4,0.033,88,reviewed,us,us
2018-08-19T00:19:40.670Z,-18.1125,-178.153,600,8.2,mww,,13,3.63,0.79,us,us1000gcii,2020-03-27T12:01:49.022Z,"286km NNE of Ndoi Island, Fiji",earthquake,9.6,1.9,0.045,47,reviewed,us,us
2018-02-25T17:44:44.140Z,-6.0699,142.7536,25.21,7.5,mww,,17,5.48,1.31,us,us2000d7q6,2020-03-27T13:16:00.429Z,"83km SW of Porgera, Papua New Guinea",earthquake,7.2,3,0.039,63,reviewed,us,us
2018-02-16T23:39:39.280Z,16.3855,-97.9787,22,7.2,mww,,82,0.142,1.23,us,us2000d3km,2020-04-24T04:00:01.758Z,"3km S of San Pedro Jicayan, Mexico",earthquake,4.3,1.8,0.062,25,reviewed,us,us
2018-01-23T09:31:40.890Z,56.0039,-149.1658,14.06,7.9,mww,,30,2.585,0.77,us,us2000cmy3,2019-07-01T15:34:15.502Z,"280km SE of Kodiak, Alaska",earthquake,6,2.8,0.034,81,reviewed,us,us
2018-01-14T09:18:45.540Z,-15.7675,-74.7092,39,7.1,mww,,23,4.29,1.2,us,us2000cjfy,2020-03-27T13:11:29.037Z,"38km SSW of Acari, Peru",earthquake,7,1.8,0.032,95,reviewed,us,us
2018-01-10T02:51:33.290Z,17.4825,-83.52,19,7.5,mww,,12,4.581,0.82,us,us1000c2zy,2020-03-27T11:48:41.962Z,"44km E of Great Swan Island, Honduras",earthquake,5.8,1.7,0.035,79,reviewed,us,us
2017-11-19T22:43:29.250Z,-21.3246,168.6715,10,7,mww,,14,0.617,0.65,us,us2000brlf,2020-03-27T13:08:30.013Z,"85km ENE of Tadine, New Caledonia",earthquake,5.6,1.7,0.071,19,reviewed,us,us
2017-11-12T18:18:17.180Z,34.9109,45.9592,19,7.3,mww,,33,0.284,1.29,us,us2000bmcg,2020-03-27T13:06:06.070Z,"29km S of Halabjah, Iraq",earthquake,4.9,1.7,0.044,50,reviewed,us,us
2017-09-19T18:14:38.090Z,18.5499,-98.4887,48,7.1,mww,,23,0.984,1.14,us,us2000ar20,2020-04-27T17:41:32.457Z,"1km E of Ayutla, Mexico",earthquake,4.5,1.8,0.048,41,reviewed,us,us
2017-09-08T04:49:19.180Z,15.0222,-93.8993,47.39,8.2,mww,,22,0.944,1.22,us,us2000ahv0,2020-05-03T19:23:54.121Z,"101km SSW of Tres Picos, Mexico",earthquake,6.2,3.7,0.058,29,reviewed,us,us
2017-07-17T23:34:13.740Z,54.4434,168.857,10,7.7,mww,,13,3.564,0.68,us,us20009x42,2018-10-17T21:53:36.593Z,"202km ESE of Nikol'skoye, Russia",earthquake,7,1.8,0.036,73,reviewed,us,us
2017-01-22T04:30:22.960Z,-6.2464,155.1718,135,7.9,mww,,9,3.625,1.22,us,us10007uph,2020-03-27T11:30:55.618Z,"35km WNW of Panguna, Papua New Guinea",earthquake,7.3,1.8,0.042,54,reviewed,us,us
2017-01-10T06:13:48.140Z,4.4782,122.6171,627.17,7.3,mww,,18,3.813,1.05,us,us10007s9c,2017-05-07T17:42:08.352Z,"189km SSE of Tabiauan, Philippines",earthquake,8.5,3,,,reviewed,us,us
2016-12-25T14:22:27.010Z,-43.4064,-73.9413,38,7.6,mww,,29,0.355,0.79,us,us10007mn3,2020-03-27T11:26:13.179Z,"41km SW of Puerto Quellon, Chile",earthquake,5.4,1.9,,,reviewed,us,us
2016-12-17T10:51:10.500Z,-4.5049,153.5216,94.54,7.9,mww,,13,1.389,0.97,us,us200081v8,2020-03-27T12:48:47.472Z,"54km E of Taron, Papua New Guinea",earthquake,7.3,3.8,,,reviewed,us,us
2016-12-08T17:38:46.280Z,-10.6812,161.3273,40,7.8,mww,,13,1.836,0.88,us,us20007z80,2020-03-27T12:46:39.415Z,"69km WSW of Kirakira, Solomon Islands",earthquake,8.3,1.8,,,reviewed,us,us
2016-11-13T11:02:56.340Z,-42.7373,173.054,15.11,7.8,mww,,21,0.481,0.56,us,us1000778i,2020-05-11T17:14:10.565Z,"54km NNE of Amberley, New Zealand",earthquake,4.6,3.2,,,reviewed,us,us
2016-09-01T16:37:57.300Z,-37.3586,179.1461,19,7,mww,,21,0.698,0.88,us,us10006jbi,2018-10-17T21:50:25.788Z,"175km NE of Gisborne, New Zealand",earthquake,6.8,1.7,,,reviewed,us,us
2016-08-29T04:29:57.860Z,-0.0456,-17.8255,10,7.1,mww,,24,8.561,0.87,us,us20006uy6,2018-10-17T21:50:17.343Z,"North of Ascension Island",earthquake,8.4,1.7,,,reviewed,us,us
2016-08-19T07:32:22.710Z,-55.2852,-31.8766,10,7.4,mww,,18,2.852,0.79,us,us10006exl,2018-10-17T21:50:08.416Z,"South Georgia Island region",earthquake,8.4,1.7,,,reviewed,us,us
2016-08-12T01:26:36.280Z,-22.4765,173.1167,16.37,7.2,mww,,14,4.823,0.9,us,us10006d5h,2018-10-17T21:50:00.178Z,"110km E of Ile Hunter, New Caledonia",earthquake,6.7,2.6,,,reviewed,us,us
2016-07-29T21:18:24.740Z,18.5429,145.5073,196,7.7,mww,,14,3.294,1.38,us,us100068jg,2018-10-17T21:49:51.838Z,"29km SW of Agrihan, Northern Mariana Islands",earthquake,7.5,1.8,,,reviewed,us,us
2016-05-28T09:46:59.780Z,-56.2409,-26.9353,78,7.2,mww,,24,5.803,0.89,us,us20005ysu,2018-10-17T21:49:39.934Z,"53km NNE of Visokoi Island, South Georgia and the South Sandwich Islands",earthquake,6.3,1.8,,,reviewed,us,us
2016-04-28T19:33:24.070Z,-16.0429,167.3786,24,7,mww,,14,0.616,1.33,us,us10005c88,2020-02-06T18:11:44.248Z,"2km N of Norsup, Vanuatu",earthquake,2.9,1.7,,,reviewed,us,us
2016-04-16T23:58:36.980Z,0.3819,-79.9218,20.59,7.8,mww,,15,1.44,0.94,us,us20005j32,2020-03-24T23:05:00.635Z,"27km SSE of Muisne, Ecuador",earthquake,5.7,3.2,,,reviewed,us,us
2016-04-15T16:25:06.220Z,32.7906,130.7543,10,7,mww,,32,0.349,0.85,us,us20005iis,2020-02-06T18:15:05.625Z,"1km E of Kumamoto-shi, Japan",earthquake,4.9,1.7,,,reviewed,us,us
2016-03-02T12:49:48.110Z,-4.9521,94.3299,24,7.8,mww,,20,7.009,1.14,us,us10004u1y,2018-12-04T22:30:13.007Z,"Southwest of Sumatra, Indonesia",earthquake,7.5,1.8,,,reviewed,us,us
2016-01-30T03:25:12.220Z,53.9776,158.5463,177,7.2,mww,,17,0.958,1.19,us,us20004vvx,2020-02-06T18:14:13.230Z,"88km N of Yelizovo, Russia",earthquake,5.8,1.8,,,reviewed,us,us
2016-01-24T10:30:29.557Z,59.6204,-153.3392,125.6,7.1,mw,,,,1.05,ak,ak01613v15nv,2020-04-21T15:43:39.377Z,"86km E of Old Iliamna, Alaska",earthquake,,0.4,,,reviewed,ak,ak
2015-12-07T07:50:05.950Z,38.2107,72.7797,22,7.2,mww,,18,1.116,0.94,us,us100044k6,2020-02-06T18:10:36.019Z,"104km W of Murghob, Tajikistan",earthquake,5.5,1.7,,,reviewed,us,us
2015-12-04T22:25:00.110Z,-47.6165,85.0913,35,7.1,mww,,8,10.034,1.42,us,us100043z2,2018-10-17T20:59:50.291Z,"Southeast Indian Ridge",earthquake,8,1.8,,,reviewed,us,us
2015-11-24T22:50:54.370Z,-10.0598,-71.0184,620.56,7.6,mww,,10,2.852,1,us,us100040x6,2020-02-06T18:10:19.704Z,"211km S of Tarauaca, Brazil",earthquake,8.5,3.1,,,reviewed,us,us
2015-11-24T22:45:38.880Z,-10.5372,-70.9437,606.21,7.6,mww,,10,3.287,1.36,us,us100040ww,2020-02-06T18:10:04.895Z,"173km WNW of Iberia, Peru",earthquake,8.5,3.2,,,reviewed,us,us
2015-10-26T09:09:42.560Z,36.5244,70.3676,231,7.5,mww,,18,0.622,1.43,us,us10003re5,2020-02-06T18:09:15.931Z,"45km E of Farkhar, Afghanistan",earthquake,6.7,1.9,,,reviewed,us,us
2015-10-20T21:52:02.560Z,-14.8595,167.3028,135,7.1,mww,,11,0.592,1.02,us,us10003q0q,2020-03-27T10:54:46.096Z,"34km NE of Port-Olry, Vanuatu",earthquake,4.3,1.8,,,reviewed,us,us
2015-09-16T23:18:41.850Z,-31.5622,-71.4262,28.41,7,mww,,13,0.903,0.93,us,us20003k7w,2020-03-27T12:25:34.651Z,"25km WNW of Illapel, Chile",earthquake,4.3,3,,,reviewed,us,us
2015-09-16T22:54:32.860Z,-31.5729,-71.6744,22.44,8.3,mww,,19,0.684,1.02,us,us20003k7a,2020-02-06T18:13:56.268Z,"48km W of Illapel, Chile",earthquake,4.7,3.2,,,reviewed,us,us
2015-07-27T21:41:21.710Z,-2.6286,138.5277,48,7,mww,,12,6.278,1.2,us,us200030kn,2020-03-27T12:23:33.877Z,"228km W of Abepura, Indonesia",earthquake,6.7,1.8,,,reviewed,us,us
2015-07-18T02:27:33.820Z,-10.4012,165.1409,11,7,mww,,22,5.205,1.09,us,us20002yaw,2017-11-14T16:45:10.395Z,"83km WNW of Lata, Solomon Islands",earthquake,7.2,1.7,,,reviewed,us,us
2015-06-17T12:51:32.790Z,-35.3639,-17.1605,10,7,mww,,34,21.859,1.16,us,us20002qn7,2017-11-14T16:42:34.304Z,"Southern Mid-Atlantic Ridge",earthquake,10.7,1.7,,,reviewed,us,us
2015-05-30T11:23:02.110Z,27.8386,140.4931,664,7.8,mww,,12,1.675,1.12,us,us20002ki3,2019-07-27T17:50:38.622Z,"189km WNW of Chichi-shima, Japan",earthquake,9.2,1.9,,,reviewed,us,us
2015-05-12T07:05:19.730Z,27.8087,86.0655,15,7.3,mww,,11,0.677,0.92,us,us20002ejl,2020-02-06T18:12:59.762Z,"19km SE of Kodari, Nepal",earthquake,7.4,1.7,,,reviewed,us,us
2015-05-07T07:10:19.590Z,-7.2175,154.5567,10,7.1,mww,,11,3.835,0.7,us,us20002das,2018-10-17T20:58:48.373Z,"143km SW of Panguna, Papua New Guinea",earthquake,7.1,1.7,,,reviewed,us,us
2015-05-05T01:44:06.380Z,-5.4624,151.8751,55,7.5,mww,,22,1.295,1.02,us,us20002bnf,2020-02-06T18:12:39.502Z,"130km SSW of Kokopo, Papua New Guinea",earthquake,6.1,1.9,,,reviewed,us,us
2015-04-25T06:11:25.950Z,28.2305,84.7314,8.22,7.8,mww,,12,1.857,0.96,us,us20002926,2020-04-17T22:06:26.584Z,"36km E of Khudi, Nepal",earthquake,7.3,2.9,,,reviewed,us,us
2015-03-29T23:48:31.010Z,-4.7294,152.5623,41,7.5,mww,,19,0.666,1.32,us,us10001rvu,2020-02-06T18:09:00.259Z,"53km SE of Kokopo, Papua New Guinea",earthquake,7,1.8,,,reviewed,us,us
2015-02-27T13:45:05.370Z,-7.2968,122.5348,552.06,7,mww,,12,1.362,1.12,us,usc000ttkd,2020-03-27T15:37:40.900Z,"130km N of Nebe, Indonesia",earthquake,7.1,3.6,,,reviewed,us,us
2015-02-13T18:59:12.230Z,52.6487,-31.9016,16.68,7.1,mww,,17,11.262,0.79,us,usb000tp5q,2018-10-17T20:58:05.580Z,"Northern Mid-Atlantic Ridge",earthquake,6.8,1.4,,,reviewed,us,us
2014-11-15T02:31:41.720Z,1.8929,126.5217,45,7.1,mww,,18,1.397,0.71,us,usc000sxh8,2020-03-27T15:31:03.105Z,"154km NW of Kota Ternate, Indonesia",earthquake,5.8,1.7,,,reviewed,us,us
2014-11-01T18:57:22.380Z,-19.6903,-177.7587,434,7.1,mww,,13,4.415,0.84,us,usc000stdc,2017-11-14T16:08:13.497Z,"144km NE of Ndoi Island, Fiji",earthquake,8.5,1.2,,,reviewed,us,us
2014-10-14T03:51:34.460Z,12.5262,-88.1225,40,7.3,mww,,18,1.078,0.7,us,usb000slwn,2020-03-27T14:54:48.768Z,"74km S of Intipuca, El Salvador",earthquake,5.6,1.8,,,reviewed,us,us
2014-10-09T02:14:31.440Z,-32.1082,-110.8112,16.54,7,mww,,22,5.127,0.43,us,usb000sk6k,2020-03-27T14:54:17.093Z,"Southern East Pacific Rise",earthquake,8.2,2.9,,,reviewed,us,us
2014-06-23T20:53:09.700Z,51.8486,178.7352,109,7.9,mww,,22,0.133,0.71,us,usc000rki5,2020-03-27T15:27:19.137Z,"19km SE of Little Sitkin Island, Alaska",earthquake,,1.8,,,reviewed,us,us
2014-04-19T13:28:00.810Z,-6.7547,155.0241,43.37,7.5,mww,,16,3.82,1.25,us,usb000pr89,2020-03-27T14:40:50.343Z,"70km SW of Panguna, Papua New Guinea",earthquake,,3.8,,,reviewed,us,us
2014-04-18T14:27:24.920Z,17.397,-100.9723,24,7.2,mww,,46,2.25,1.2,us,usb000pq41,2020-02-06T18:18:56.332Z,"33km ESE of Petatlan, Mexico",earthquake,,1.5,,,reviewed,us,us
2014-04-13T12:36:19.230Z,-11.4633,162.0511,39,7.4,mww,,17,2.885,1,us,usc000piqj,2020-03-27T15:24:38.865Z,"112km S of Kirakira, Solomon Islands",earthquake,,1.8,,,reviewed,us,us
2014-04-12T20:14:39.300Z,-11.2701,162.1481,22.56,7.6,mww,,13,2.828,0.71,us,usc000phx5,2020-03-27T15:24:21.051Z,"93km SSE of Kirakira, Solomon Islands",earthquake,,2.8,,,reviewed,us,us
2014-04-11T07:07:23.130Z,-6.5858,155.0485,60.53,7.1,mww,,21,3.729,0.88,us,usc000pft9,2020-03-27T15:22:48.247Z,"56km WSW of Panguna, Papua New Guinea",earthquake,,3.9,,,reviewed,us,us
2014-04-03T02:43:13.110Z,-20.5709,-70.4931,22.4,7.7,mww,,44,1.029,0.82,us,usc000p27i,2020-04-17T22:07:32.392Z,"53km SW of Iquique, Chile",earthquake,,3.4,,,reviewed,us,us
2014-04-01T23:46:47.260Z,-19.6097,-70.7691,25,8.2,mww,,23,0.609,0.66,us,usc000nzvd,2020-03-14T01:59:33.638Z,"94km NW of Iquique, Chile",earthquake,,1.8,,,reviewed,us,us
2013-11-25T06:27:33.300Z,-53.9451,-55.0033,11.78,7,mww,,31,2.935,1.08,us,usb000l5zn,2017-11-14T15:44:19.341Z,"Falkland Islands region",earthquake,,2.4,,,reviewed,us,us
2013-11-17T09:04:55.530Z,-60.2738,-46.4011,10,7.7,mww,,23,8.05,1.33,us,usb000l0gq,2020-02-06T18:18:35.720Z,"Scotia Sea",earthquake,,1.7,,,reviewed,us,us
2013-10-25T17:10:19.710Z,37.1557,144.6611,35,7.1,mww,,10,3.968,1.01,us,usc000kn4n,2017-11-14T15:40:21.521Z,"Off the east coast of Honshu, Japan",earthquake,,1.8,,,reviewed,us,us
2013-10-15T00:12:32.050Z,9.8796,124.1167,19.04,7.1,mww,,12,3.144,1.3,us,usb000kdb4,2020-02-06T18:18:14.847Z,"4km SE of Sagbayan, Philippines",earthquake,,2.9,,,reviewed,us,us
2013-09-25T16:42:43.170Z,-15.8385,-74.5112,40,7.1,mww,,17,4.446,0.9,us,usb000jzma,2020-03-27T14:30:09.101Z,"46km SSE of Acari, Peru",earthquake,,1.8,,,reviewed,us,us
2013-09-24T11:29:47.970Z,26.951,65.5009,15,7.7,mww,,17,7.241,0.93,us,usb000jyiv,2020-02-06T18:17:52.737Z,"61km NNE of Awaran, Pakistan",earthquake,,1.6,,,reviewed,us,us
2013-08-30T16:25:02.300Z,51.537,-175.2297,29,7,mww,,53,0.624,0.89,us,usb000jdt7,2019-05-15T23:59:34.634Z,"101km SW of Atka, Alaska",earthquake,,1.8,,,reviewed,us,us
2013-07-15T14:03:39.880Z,-60.857,-25.07,11,7.3,mww,398,43,,0.88,us,usb000ief9,2017-11-14T15:34:12.328Z,"218km SSE of Bristol Island, South Sandwich Islands",earthquake,,,,,reviewed,us,us
2013-07-07T18:35:30.740Z,-3.917,153.927,385.5,7.3,mww,117,24,,0.88,us,usb000i89z,2020-03-27T14:21:35.568Z,"115km ENE of Taron, Papua New Guinea",earthquake,,4,,,reviewed,us,us
2013-05-24T05:44:48.980Z,54.892,153.221,598.1,8.3,mww,385,10,,1.02,us,usb000h4jh,2020-03-27T14:17:54.325Z,"Sea of Okhotsk",earthquake,,4.1,,,reviewed,us,us
2013-05-23T17:19:04.750Z,-23.009,-177.232,173.7,7.4,mww,626,16,,0.85,us,usb000h3k3,2020-03-27T14:17:38.797Z,"282km SW of Vaini, Tonga",earthquake,,3.2,,,reviewed,us,us
2013-04-19T03:05:52.650Z,46.221,150.788,110,7.2,mww,770,10.1,,0.86,us,usb000gbf8,2020-03-27T14:13:44.800Z,"251km ENE of Kuril'sk, Russia",earthquake,,,,,reviewed,us,us
2013-04-16T10:44:20.180Z,28.033,61.996,80,7.7,mww,506,26.6,,1.09,us,usb000g7x7,2020-02-06T18:16:24.152Z,"83km E of Khash, Iran",earthquake,,,,,reviewed,us,us
2013-04-06T04:42:35.860Z,-3.517,138.476,66,7,mww,640,11.4,,0.81,us,usb000g13s,2017-11-14T15:09:49.797Z,"240km E of Enarotali, Indonesia",earthquake,,,,,reviewed,us,us
2013-02-08T15:26:38.470Z,-10.928,166.018,21,7.1,mww,334,16.5,,0.92,us,usc000f40j,2020-03-27T15:03:35.483Z,"31km SE of Lata, Solomon Islands",earthquake,,,,,reviewed,us,us
2013-02-06T01:54:14.610Z,-10.499,165.588,8.8,7,mww,445,17.5,,1.22,us,usc000f1ts,2020-03-27T15:01:26.813Z,"27km NNW of Lata, Solomon Islands",earthquake,,5.5,,,reviewed,us,us
2013-02-06T01:23:19.760Z,-11.183,164.882,10,7.1,mww,550,18.4,,1.19,us,usc000f1se,2020-03-27T15:00:56.612Z,"114km WSW of Lata, Solomon Islands",earthquake,,,,,reviewed,us,us
2013-02-06T01:12:25.830Z,-10.799,165.114,24,8,mww,460,20.9,,1.29,us,usc000f1s0,2020-02-06T18:20:20.076Z,"76km W of Lata, Solomon Islands",earthquake,,,,,reviewed,us,us
2013-01-05T08:58:14.957Z,55.228,-134.8591,8.7,7.5,mw,,,,1.51,ak,ak0138esnzr,2020-03-26T16:53:04.874Z,"Southeastern Alaska",earthquake,,1,,,reviewed,ak,ak
2012-12-10T16:53:08.770Z,-6.533,129.825,155,7.1,mww,517,8.7,,0.95,us,usp000jwt8,2020-01-04T10:00:32.856Z,"Banda Sea",earthquake,,,,,reviewed,us,us
2012-12-07T08:18:23.130Z,37.89,143.949,31,7.3,mww,918,14.8,,0.91,us,usp000jwjn,2020-02-06T21:23:21.035Z,"off the east coast of Honshu, Japan",earthquake,,,,,reviewed,us,us
2012-11-07T16:35:46.930Z,13.988,-91.895,24,7.4,mww,751,25.5,,1.27,us,usp000jv5f,2020-02-28T23:39:11.103Z,"offshore Guatemala",earthquake,,,,,reviewed,us,us
2012-10-28T03:04:08.820Z,52.788,-132.101,14,7.8,mww,807,42.7,,0.99,us,usp000juhz,2020-02-28T23:38:18.423Z,"Haida Gwaii, Canada",earthquake,,,,,reviewed,us,us
2012-09-30T16:31:35.970Z,1.929,-76.362,170,7.3,mww,934,15.5,,0.87,us,usp000jta1,2020-02-28T23:37:32.075Z,"Colombia",earthquake,,,,,reviewed,us,us
2012-09-05T14:42:07.800Z,10.085,-85.315,35,7.6,mww,703,34.3,,1.2,us,usp000jrsw,2020-04-18T00:31:21.160Z,"Costa Rica",earthquake,,,,,reviewed,us,us
2012-08-31T12:47:33.380Z,10.811,126.638,28,7.6,mww,682,10.2,,1.02,us,usp000jr83,2020-02-28T23:36:18.278Z,"Philippine Islands region",earthquake,,,,,reviewed,us,us
2012-08-27T04:37:19.430Z,12.139,-88.59,28,7.3,mww,417,37,,1.3,us,usp000jqvm,2020-02-28T23:35:59.408Z,"off the coast of El Salvador",earthquake,,,,,reviewed,us,us
2012-08-14T02:59:38.460Z,49.8,145.064,583.2,7.7,mww,862,13.8,,0.83,us,usp000jq9h,2020-01-04T09:52:13.605Z,"Sea of Okhotsk",earthquake,,2.6,,,reviewed,us,us
2012-04-12T07:15:48.500Z,28.696,-113.104,13,7,mww,474,95.9,,1.18,us,usp000jhr6,2020-02-28T23:28:59.457Z,"Baja California, Mexico",earthquake,,,,,reviewed,us,us
2012-04-11T10:43:10.850Z,0.802,92.463,25.1,8.2,mwc,341,14.9,,0.9,us,usp000jhjb,2020-03-27T22:53:08.147Z,"off the west coast of northern Sumatra",earthquake,,7.3,,,reviewed,us,us
2012-04-11T08:38:36.720Z,2.327,93.063,20,8.6,mw,499,16.6,,1.33,official,official20120411083836720_20,2020-04-17T19:42:59.385Z,"off the west coast of northern Sumatra",earthquake,,,,,reviewed,us,official
2012-03-25T22:37:06.000Z,-35.2,-72.217,40.7,7.1,mww,553,15.2,,,us,usp000jgsw,2020-02-28T23:28:10.579Z,"Maule, Chile",earthquake,,,,,reviewed,guc,us
2012-03-20T18:02:47.440Z,16.493,-98.231,20,7.4,mww,672,37.9,,0.98,us,usp000jghj,2020-02-28T23:27:00.835Z,"Oaxaca, Mexico",earthquake,,,,,reviewed,us,us
2012-02-02T13:34:40.650Z,-17.827,167.133,23,7.1,mww,573,12,,1.07,us,usp000jeag,2020-02-28T23:24:23.721Z,"Vanuatu",earthquake,,,,,reviewed,us,us
2012-01-10T18:36:59.080Z,2.433,93.21,19,7.2,mww,443,17,,1.09,us,usp000jdar,2020-02-06T21:21:05.975Z,"off the west coast of northern Sumatra",earthquake,,,,,reviewed,us,us
2011-12-14T05:04:58.630Z,-7.551,146.809,135,7.1,mww,485,10.6,,0.78,us,usp000jc5z,2020-04-18T00:30:51.767Z,"eastern New Guinea region, Papua New Guinea",earthquake,,,,,reviewed,us,us
2011-10-23T10:41:23.250Z,38.721,43.508,18,7.1,mww,693,19.7,,0.93,us,usp000j9rr,2020-04-18T00:30:04.531Z,"eastern Turkey",earthquake,,,,,reviewed,us,us
2011-10-21T17:57:16.100Z,-28.993,-176.238,33,7.4,mww,707,14.8,,0.87,us,usp000j9nm,2018-10-17T20:35:12.367Z,"Kermadec Islands region",earthquake,,,,,reviewed,us,us
2011-09-15T19:31:04.080Z,-21.611,-179.528,644.6,7.3,mww,646,22.2,,1.06,us,usp000j83e,2017-11-14T14:29:05.033Z,"Fiji region",earthquake,,,,,reviewed,us,us
2011-09-03T22:55:40.920Z,-20.671,169.716,185.1,7,mww,406,15.3,,0.99,us,usp000j7jb,2020-01-04T09:20:47.137Z,"Vanuatu",earthquake,,6.2,,,reviewed,us,us
2011-08-24T17:46:11.650Z,-7.641,-74.525,147,7,mww,471,26.9,,0.87,us,usp000j6z8,2020-04-18T00:29:37.514Z,"northern Peru",earthquake,,,,,reviewed,us,us
2011-08-20T18:19:23.550Z,-18.311,168.218,28,7.1,mww,564,12.3,,1.07,us,usp000j6rj,2020-04-18T00:29:32.955Z,"Vanuatu",earthquake,,,,,reviewed,us,us
2011-08-20T16:55:02.810Z,-18.365,168.143,32,7.2,mww,280,18.4,,1.26,us,usp000j6r4,2020-04-18T00:29:30.691Z,"Vanuatu",earthquake,,,,,reviewed,us,us
2011-07-10T00:57:10.800Z,38.034,143.264,23,7,mww,531,12.4,,1.04,us,usp000j4gp,2017-11-13T20:21:58.111Z,"off the east coast of Honshu, Japan",earthquake,,,,,reviewed,us,us
2011-07-06T19:03:18.260Z,-29.539,-176.34,17,7.6,mww,567,33.5,,1.17,us,usp000j48h,2018-10-17T20:34:54.326Z,"Kermadec Islands region",earthquake,,,,,reviewed,us,us
2011-06-24T03:09:39.470Z,52.05,-171.836,52,7.3,mww,791,15.3,,1.05,us,usp000j3mq,2020-03-27T22:51:22.941Z,"Fox Islands, Aleutian Islands, Alaska",earthquake,,,,,reviewed,us,us
2011-04-07T14:32:43.290Z,38.276,141.588,42,7.1,mww,446,17.7,,0.94,us,usp000hzf6,2020-04-18T00:27:53.153Z,"near the east coast of Honshu, Japan",earthquake,,,,,reviewed,us,us
2011-03-11T06:25:50.300Z,38.058,144.59,18.6,7.7,mwc,507,10.8,,0.85,us,usp000hvpg,2018-09-28T19:51:11.830Z,"off the east coast of Honshu, Japan",earthquake,,8,,,reviewed,us,us
2011-03-11T06:15:40.280Z,36.281,141.111,42.6,7.9,mwc,163,48.4,,1.44,us,usp000hvpa,2020-04-18T00:26:53.971Z,"near the east coast of Honshu, Japan",earthquake,,9.6,,,reviewed,us,us
2011-03-11T05:46:24.120Z,38.297,142.373,29,9.1,mww,541,9.5,,1.16,official,official20110311054624120_30,2020-04-17T19:40:20.533Z,"2011 Great Tohoku Earthquake, Japan",earthquake,,,,,reviewed,us,official
2011-03-09T02:45:20.330Z,38.435,142.842,32,7.3,mww,550,17.4,,0.98,us,usp000hvhj,2020-04-18T00:26:42.591Z,"near the east coast of Honshu, Japan",earthquake,,,,,reviewed,us,us
2011-01-18T20:23:23.480Z,28.777,63.951,68,7.2,mww,372,25.3,,1.3,us,usp000htb4,2020-04-18T00:26:01.223Z,"southwestern Pakistan",earthquake,,,,,reviewed,us,us
2011-01-13T16:16:41.540Z,-20.628,168.471,9,7,mww,578,13.3,,0.99,us,usp000ht15,2020-04-18T00:25:54.390Z,"Loyalty Islands, New Caledonia",earthquake,,,,,reviewed,us,us
2011-01-02T20:20:17.780Z,-38.355,-73.326,24,7.2,mww,397,30.1,,1.1,us,usp000hsfq,2020-04-18T00:25:52.085Z,"Araucania, Chile",earthquake,,,,,reviewed,us,us
2011-01-01T09:56:58.120Z,-26.803,-63.136,576.8,7,mww,607,18.4,,0.85,us,usp000hsdc,2017-11-13T19:43:03.438Z,"Santiago Del Estero, Argentina",earthquake,,,,,reviewed,us,us
2010-12-25T13:16:37.000Z,-19.702,167.947,16,7.3,mwc,409,12,,1.17,us,usp000hrw0,2020-04-18T00:25:47.539Z,"Vanuatu region",earthquake,,,,,reviewed,us,us
2010-12-21T17:19:40.660Z,26.901,143.698,14,7.4,mwc,603,13,,0.99,us,usp000hr97,2018-10-17T20:33:58.465Z,"Bonin Islands, Japan region",earthquake,,,,,reviewed,us,us
2010-10-25T14:42:22.460Z,-3.487,100.082,20.1,7.8,mwc,379,23,,1.17,us,usp000hnj4,2020-04-18T00:25:11.377Z,"Kepulauan Mentawai region, Indonesia",earthquake,,3.5,,,reviewed,us,gcmt
2010-09-29T17:11:25.940Z,-4.963,133.76,26,7,mwc,271,15.1,,1.31,us,usp000hmbq,2020-04-18T00:25:02.024Z,"near the south coast of Papua, Indonesia",earthquake,,,,,reviewed,us,us
2010-09-03T16:35:47.770Z,-43.522,171.83,12,7,mwc,365,15.8,,1.3,us,usp000hk46,2020-04-18T00:24:48.443Z,"South Island of New Zealand",earthquake,,,,,reviewed,us,us
2010-08-12T11:54:15.580Z,-1.266,-77.306,206.7,7.1,mwc,672,12.4,,0.87,us,usp000hj05,2020-04-18T00:24:41.605Z,"Ecuador",earthquake,,,,,reviewed,us,us
2010-08-10T05:23:44.980Z,-17.541,168.069,25,7.3,mwc,405,20.2,,1.25,us,usp000hhuc,2020-04-18T00:24:39.349Z,"Vanuatu",earthquake,,,,,reviewed,us,us
2010-08-04T22:01:43.620Z,-5.746,150.765,44,7,mww,396,12.7,,1.19,us,usp000hhhx,2020-04-18T00:24:34.832Z,"New Britain region, Papua New Guinea",earthquake,,,,,reviewed,us,us
2010-07-23T23:15:10.190Z,6.776,123.259,640.6,7.5,mwc,441,17.5,,0.82,us,usp000hgmq,2020-01-04T08:12:05.995Z,"Moro Gulf, Mindanao, Philippines",earthquake,,,,,reviewed,us,gcmt
2010-07-23T22:51:11.840Z,6.497,123.48,578,7.6,mwc,340,15.1,,0.91,us,usp000hgmh,2020-01-04T08:11:48.714Z,"Moro Gulf, Mindanao, Philippines",earthquake,,,,,reviewed,us,us
2010-07-23T22:08:11.250Z,6.718,123.409,607.1,7.3,mwc,491,16.5,,0.91,us,usp000hgmd,2020-01-04T08:11:31.073Z,"Moro Gulf, Mindanao, Philippines",earthquake,,,,,reviewed,us,us
2010-07-18T13:34:59.360Z,-5.931,150.59,35,7.3,mwc,397,18.2,,1.16,us,usp000hfku,2020-04-18T00:24:21.244Z,"New Britain region, Papua New Guinea",earthquake,,,,,reviewed,us,gcmt
2010-06-16T03:16:27.550Z,-2.174,136.543,18,7,mwc,307,18.1,,1.27,us,usp000he3f,2020-04-18T00:23:58.398Z,"near the north coast of Papua, Indonesia",earthquake,,,,,reviewed,us,us
2010-06-12T19:26:50.460Z,7.881,91.936,35,7.5,mwc,514,18.6,,1.1,us,usp000hdwb,2020-04-18T00:23:51.548Z,"Nicobar Islands, India region",earthquake,,,,,reviewed,us,gcmt
2010-05-27T17:14:46.570Z,-13.698,166.643,31,7.2,mwc,327,11.7,,1.08,us,usp000hd84,2020-04-18T00:23:42.457Z,"Vanuatu",earthquake,,,,,reviewed,us,gcmt
2010-05-09T05:59:41.620Z,3.748,96.018,38,7.2,mwc,611,20.6,,0.92,us,usp000hchk,2020-04-18T00:23:37.865Z,"northern Sumatra, Indonesia",earthquake,,,,,reviewed,us,us
2010-04-06T22:15:01.580Z,2.383,97.048,31,7.8,mwc,352,19.2,,1.19,us,usp000hat0,2020-04-18T00:23:08.313Z,"northern Sumatra, Indonesia",earthquake,,,,,reviewed,us,gcmt
2010-04-04T22:40:42.360Z,32.2861667,-115.2953333,9.987,7.2,mw,10,239,0.5137,0.11,ci,ci14607652,2020-04-17T20:58:41.116Z,"12km SW of Delta, B.C., MX",earthquake,1.81,31.61,,0,reviewed,ci,ci
2010-03-11T14:55:27.510Z,-34.326,-71.799,18,7,mwc,403,17.1,,1.02,us,usp000h94v,2020-04-18T00:22:26.922Z,"Libertador General Bernardo O'Higgins, Chile",earthquake,,,,,reviewed,us,gcmt
2010-02-27T08:01:23.010Z,-37.773,-75.048,35,7.4,mwc,409,17.6,,1.06,us,usp000h7sq,2020-01-04T07:37:39.993Z,"off the coast of Bio-Bio, Chile",earthquake,,,,,reviewed,us,gcmt
2010-02-27T06:34:11.530Z,-36.122,-72.898,22.9,8.8,mww,454,17.8,,1.09,official,official20100227063411530_30,2020-04-17T19:39:11.037Z,"offshore Bio-Bio, Chile",earthquake,,9.2,,,reviewed,us,official
2010-02-26T20:31:26.970Z,25.93,128.425,25,7,mwc,487,15.7,,1.05,us,usp000h7qu,2020-04-16T16:54:00.511Z,"Ryukyu Islands, Japan",earthquake,,,,,reviewed,us,us
2010-01-12T21:53:10.060Z,18.443,-72.571,13,7,mwc,500,22.7,,0.97,us,usp000h60h,2020-04-18T00:21:08.997Z,"Haiti region",earthquake,,,,,reviewed,us,us
2010-01-03T22:36:25.640Z,-8.783,157.354,10,7.1,mwc,377,15,,1.09,us,usp000h5np,2020-04-18T00:20:57.647Z,"Solomon Islands",earthquake,,,,,reviewed,us,gcmt
2009-11-09T10:44:55.110Z,-17.239,178.331,595,7.3,mwc,430,15,,0.87,us,usp000h3wn,2020-01-04T07:20:10.997Z,"Fiji",earthquake,,,,,reviewed,us,gcmt
2009-10-07T23:13:48.160Z,-13.093,166.497,31.1,7.4,mwc,314,20.2,,0.96,us,usp000h2gr,2020-04-18T00:19:30.901Z,"Vanuatu",earthquake,,2.4,,,reviewed,us,gcmt
2009-10-07T22:18:51.240Z,-12.517,166.382,35,7.8,mwc,195,20.3,,0.97,us,usp000h2gd,2020-04-18T00:19:28.630Z,"Santa Cruz Islands",earthquake,,,,,reviewed,us,us
2009-10-07T22:03:14.470Z,-13.006,166.51,45,7.7,mww,283,23.2,,1.31,us,usp000h2g9,2020-04-18T00:19:26.344Z,"Vanuatu",earthquake,,,,,reviewed,us,us
2009-09-30T10:16:09.250Z,-0.72,99.867,81,7.6,mwc,498,14,,0.92,us,usp000h237,2020-04-18T00:19:19.490Z,"southern Sumatra, Indonesia",earthquake,,,,,reviewed,us,gcmt
2009-09-29T17:48:10.990Z,-15.489,-172.095,18,8.1,mwc,520,20.8,,1.01,us,usp000h1ys,2020-04-18T00:19:17.224Z,"Samoa Islands region",earthquake,,,,,reviewed,us,gcmt
2009-09-02T07:55:01.050Z,-7.782,107.297,46,7,mwc,312,16.3,,0.89,us,usp000h152,2020-04-18T00:18:58.811Z,"Java, Indonesia",earthquake,,,,,reviewed,us,us
2009-08-10T19:55:38.730Z,14.099,92.902,24,7.5,mwc,303,18.2,,1.03,us,usp000h05x,2020-04-18T00:18:42.937Z,"Andaman Islands, India region",earthquake,,,,,reviewed,us,us
2009-08-09T10:55:55.110Z,33.167,137.944,292,7.1,mwc,447,14.2,,0.91,us,usp000h04j,2020-01-04T07:04:42.566Z,"near the south coast of Honshu, Japan",earthquake,,,,,reviewed,us,us
2009-07-15T09:22:29.030Z,-45.762,166.562,12,7.8,mwc,434,16.8,,,us,usp000gz8j,2020-04-18T00:18:29.329Z,"off the west coast of the South Island of New Zealand",earthquake,,,,,reviewed,wel,gcmt
2009-05-28T08:24:46.560Z,16.731,-86.217,19,7.3,mwc,464,27.2,,1.12,us,usp000gxkj,2020-04-18T00:18:08.970Z,"offshore Honduras",earthquake,,,,,reviewed,us,gcmt
2009-03-19T18:17:40.470Z,-23.043,-174.66,31,7.6,mwc,504,14,,1,us,usp000gv5p,2020-03-27T22:48:01.680Z,"Tonga region",earthquake,,,,,reviewed,us,us
2009-02-18T21:53:45.160Z,-27.424,-176.33,25,7,mwc,353,18.5,,0.95,us,usp000gu5x,2017-11-13T18:11:57.379Z,"Kermadec Islands region",earthquake,,,,,reviewed,us,gcmt
2009-02-11T17:34:50.490Z,3.886,126.387,20,7.2,mwc,432,18.6,,1.14,us,usp000gtnc,2020-04-18T00:17:20.936Z,"Kepulauan Talaud, Indonesia",earthquake,,,,,reviewed,us,us
2009-01-15T17:49:39.070Z,46.857,155.154,36,7.4,mwc,522,15.6,,0.91,us,usp000gsmz,2017-11-13T18:03:03.380Z,"east of the Kuril Islands",earthquake,,,,,reviewed,us,us
2009-01-03T22:33:40.290Z,-0.691,133.305,23,7.4,mwc,314,21.1,,1.03,us,usp000gs3t,2020-04-18T00:17:09.496Z,"near the north coast of Papua, Indonesia",earthquake,,,,,reviewed,us,gcmt
2009-01-03T19:43:50.650Z,-0.414,132.885,17,7.7,mwc,288,29.8,,1.27,us,usp000gs2d,2020-04-18T00:17:07.192Z,"near the north coast of Papua, Indonesia",earthquake,,,,,reviewed,us,gcmt
2008-11-24T09:02:58.760Z,54.203,154.322,492.3,7.3,mwc,531,22.7,,0.77,us,usp000gpbs,2017-11-13T18:00:49.533Z,"Sea of Okhotsk",earthquake,,3.2,,,reviewed,us,us
2008-11-16T17:02:32.700Z,1.271,122.091,30,7.4,mww,365,33.7,,1.1,us,usp000gnur,2020-04-18T00:16:58.029Z,"Minahasa, Sulawesi, Indonesia",earthquake,,,,,reviewed,us,us
2008-09-29T15:19:31.590Z,-29.756,-177.683,36,7,mwc,524,17.4,,1.21,us,usp000ghyg,2017-11-13T17:59:23.800Z,"Kermadec Islands, New Zealand",earthquake,,,,,reviewed,us,us
2008-07-19T02:39:28.700Z,37.552,142.214,22,7,mwc,577,18.2,,0.84,us,usp000gcjg,2020-04-18T00:15:28.709Z,"off the east coast of Honshu, Japan",earthquake,,,,,reviewed,us,us
2008-07-05T02:12:04.480Z,53.882,152.886,632.8,7.7,mwc,777,13.5,,0.83,us,usp000gbc0,2017-11-13T17:58:05.574Z,"Sea of Okhotsk",earthquake,,3.1,,,reviewed,us,us
2008-06-30T06:17:43.020Z,-58.227,-22.099,8,7,mwc,309,25.4,,1.36,us,usp000gazv,2017-11-13T17:57:27.819Z,"South Sandwich Islands region",earthquake,,,,,reviewed,us,us
2008-05-12T06:28:01.570Z,31.002,103.322,19,7.9,mwc,774,11.3,,1.2,us,usp000g650,2020-04-18T00:14:21.437Z,"eastern Sichuan, China",earthquake,,,,,reviewed,us,us
2008-04-12T00:30:12.600Z,-55.664,158.453,16,7.1,mwc,541,34.9,,0.99,us,usp000g3q9,2017-11-13T17:55:46.510Z,"Macquarie Island region",earthquake,,,,,reviewed,us,us
2008-04-09T12:46:12.720Z,-20.071,168.892,33,7.3,mwc,486,13.4,,1.29,us,usp000g3eq,2020-04-18T00:14:05.415Z,"Loyalty Islands, New Caledonia",earthquake,,,,,reviewed,us,us
2008-03-20T22:32:57.930Z,35.49,81.467,10,7.2,mwc,532,25.9,,1.03,us,usp000g1w2,2020-04-18T00:14:00.887Z,"Xinjiang-Xizang border region",earthquake,,,,,reviewed,us,us
2008-02-25T08:36:33.030Z,-2.486,99.972,25,7.2,mwc,505,18.4,,1.22,us,usp000fzx4,2020-04-18T00:13:35.838Z,"Kepulauan Mentawai region, Indonesia",earthquake,,,,,reviewed,us,gcmt
2008-02-20T08:08:30.520Z,2.768,95.964,26,7.4,mwc,607,16.4,,0.97,us,usp000fzau,2020-04-18T00:13:26.723Z,"Simeulue, Indonesia",earthquake,,,,,reviewed,us,us
2007-12-19T09:30:27.930Z,51.36,-179.509,34,7.2,mwc,702,15.9,,0.96,us,usp000fuse,2019-02-13T07:52:34.791Z,"Andreanof Islands, Aleutian Islands, Alaska",earthquake,,,,,reviewed,us,gcmt
2007-12-09T07:28:20.820Z,-25.996,-177.514,152.5,7.8,mwc,512,11.8,,1.12,us,usp000fu3q,2020-03-27T22:45:49.901Z,"south of the Fiji Islands",earthquake,,6.3,,,reviewed,us,gcmt
2007-11-29T19:00:20.420Z,14.944,-61.274,156,7.4,mwb,663,13.4,,0.74,us,usp000ftj1,2020-04-16T17:12:33.986Z,"Martinique region, Windward Islands",earthquake,,,,,reviewed,us,us
2007-11-14T15:40:50.530Z,-22.247,-69.89,40,7.7,mwc,610,22.4,,1.11,us,usp000fshy,2020-04-18T00:11:48.847Z,"Antofagasta, Chile",earthquake,,,,,reviewed,us,gcmt
2007-10-31T03:30:15.960Z,18.9,145.388,207,7.2,mwb,461,19.4,,1.09,us,usp000frnh,2017-11-13T17:48:51.569Z,"Pagan region, Northern Mariana Islands",earthquake,,,,,reviewed,us,us
2007-09-30T05:23:34.070Z,-49.271,164.115,10,7.4,mwc,499,16.6,,1.19,us,usp000fpgq,2020-03-27T22:45:02.269Z,"Auckland Islands, New Zealand region",earthquake,,,,,reviewed,us,gcmt
2007-09-28T13:38:57.880Z,22.013,142.668,260,7.5,mwc,558,11.8,,0.97,us,usp000fpca,2018-10-17T20:29:02.887Z,"Volcano Islands, Japan region",earthquake,,,,,reviewed,us,gcmt
2007-09-13T03:35:28.720Z,-2.13,99.627,22,7,mwc,537,23.1,,1.04,us,usp000fn3d,2020-04-18T00:11:11.382Z,"Kepulauan Mentawai region, Indonesia",earthquake,,,,,reviewed,us,gcmt
2007-09-12T23:49:03.720Z,-2.625,100.841,35,7.9,mwc,446,29.1,,1.01,us,usp000fn2b,2020-04-18T00:11:06.860Z,"Kepulauan Mentawai region, Indonesia",earthquake,,,,,reviewed,us,gcmt
2007-09-12T11:10:26.830Z,-4.438,101.367,34,8.4,mww,411,32.3,,1.03,official,official20070912111026830_34,2020-04-17T19:38:18.629Z,"southern Sumatra, Indonesia",earthquake,,,,,reviewed,us,official
2007-09-02T01:05:18.150Z,-11.61,165.762,35,7.2,mwc,312,21.3,,1.31,us,usp000fm6b,2020-04-18T00:10:53.149Z,"Santa Cruz Islands",earthquake,,,,,reviewed,us,gcmt
2007-08-15T23:40:57.890Z,-13.386,-76.603,39,8,mwc,625,25.7,,0.86,us,usp000fjta,2020-04-18T00:10:41.180Z,"near the coast of central Peru",earthquake,,,,,reviewed,us,gcmt
2007-08-08T17:05:04.920Z,-5.859,107.419,280,7.5,mwc,228,30.7,,1.13,us,usp000fj6k,2020-01-04T05:31:22.400Z,"Java, Indonesia",earthquake,,,,,reviewed,us,gcmt
2007-08-01T17:08:51.400Z,-15.595,167.68,120,7.2,mwb,494,20.4,,1.14,us,usp000fhm9,2020-04-18T00:10:26.831Z,"Vanuatu",earthquake,,,,,reviewed,us,us
2007-04-01T20:39:58.710Z,-8.466,157.043,24,8.1,mwc,439,14.7,,1.32,us,usp000f83m,2020-04-18T00:09:01.080Z,"Solomon Islands",earthquake,,,,,reviewed,us,gcmt
2007-03-25T00:40:01.610Z,-20.617,169.357,34,7.1,mwb,426,25.3,,1,us,usp000f7b4,2020-04-18T00:08:51.963Z,"Vanuatu",earthquake,,,,,reviewed,us,us
2007-01-21T11:27:45.060Z,1.065,126.282,22,7.5,mwc,570,21.6,,1.22,us,usp000f34b,2020-04-18T00:08:20.293Z,"Molucca Sea",earthquake,,,,,reviewed,us,gcmt
2007-01-13T04:23:21.160Z,46.243,154.524,10,8.1,mwc,606,14,,1.12,us,usp000f2ab,2020-03-27T22:44:13.004Z,"east of the Kuril Islands",earthquake,,,,,reviewed,us,gcmt
2006-12-26T12:26:21.140Z,21.799,120.547,10,7.1,mwb,744,29.1,,1,us,usp000f114,2020-04-18T00:08:06.721Z,"Taiwan region",earthquake,,,,,reviewed,us,us
2006-11-15T11:14:13.570Z,46.592,153.266,10,8.3,mwc,576,20.9,,1.07,us,usp000exfn,2020-04-16T17:19:56.928Z,"Kuril Islands",earthquake,,,,,reviewed,us,gcmt
2006-08-20T03:41:48.040Z,-61.029,-34.371,13,7,mwb,322,27.1,,1.01,us,usp000erc2,2017-11-13T16:25:32.999Z,"Scotia Sea",earthquake,,,,,reviewed,us,us
2006-07-17T08:19:26.680Z,-9.284,107.419,20,7.7,mwc,357,36.8,,1.16,us,usp000ensm,2020-04-18T00:06:21.336Z,"south of Java, Indonesia",earthquake,,,,,reviewed,us,hrv
2006-05-16T10:39:23.340Z,-31.81,-179.307,152,7.4,mwb,613,19.7,,1.32,us,usp000eh87,2017-11-13T16:24:27.901Z,"Kermadec Islands region",earthquake,,,,,reviewed,us,us
2006-05-03T15:26:40.290Z,-20.187,-174.123,55,8,mwc,626,20.7,,1.18,us,usp000eg5g,2020-04-16T17:23:09.836Z,"Tonga",earthquake,,,,,reviewed,us,hrv
2006-04-20T23:25:02.150Z,60.949,167.089,22,7.6,mwc,579,18.5,,0.87,us,usp000ef1h,2020-04-18T00:05:35.333Z,"near the east coast of Koryakskiy Avtonomnyy Okrug, Russia",earthquake,,,,,reviewed,us,hrv
2006-02-22T22:19:07.800Z,-21.324,33.583,11,7,mwb,412,23.2,,1.37,us,usp000eamh,2020-04-18T00:04:28.926Z,"Mozambique",earthquake,,,,,reviewed,us,us
2006-01-27T16:58:53.670Z,-5.473,128.131,397,7.6,mwc,560,22.3,,0.88,us,usp000e8ys,2017-11-08T18:38:50.089Z,"Banda Sea",earthquake,,,,,reviewed,us,hrv
2006-01-02T22:13:40.490Z,-19.926,-178.178,582.9,7.2,mwc,646,18.7,,1.11,us,usp000e7f0,2017-11-08T18:37:31.891Z,"Fiji region",earthquake,,,,,reviewed,us,hrv
2006-01-02T06:10:49.760Z,-60.957,-21.606,13,7.4,mwc,271,18.8,,1.28,us,usp000e7dd,2017-11-08T18:36:42.893Z,"east of the South Sandwich Islands",earthquake,,,,,reviewed,us,hrv
2005-11-14T21:38:51.420Z,38.107,144.896,11,7,mwc,699,21.4,,0.86,us,usp000e462,2017-11-08T18:36:00.293Z,"off the east coast of Honshu, Japan",earthquake,,,,,reviewed,us,hrv
2005-10-08T03:50:40.800Z,34.539,73.588,26,7.6,mwc,724,21.1,,0.9,us,usp000e12e,2020-04-18T00:02:34.234Z,"Pakistan",earthquake,,,,,reviewed,us,hrv
2005-09-26T01:55:37.670Z,-5.678,-76.398,115,7.5,mwb,696,26.2,,0.88,us,usp000e09h,2020-04-18T00:02:25.021Z,"northern Peru",earthquake,,,,,reviewed,us,us
2005-09-09T07:26:43.730Z,-4.539,153.474,90,7.6,mwc,502,20,,1.04,us,usp000dz2j,2020-04-18T00:02:18.216Z,"New Ireland region, Papua New Guinea",earthquake,,,,,reviewed,us,hrv
2005-08-16T02:46:28.400Z,38.276,142.039,36,7.2,mwc,698,19.6,,0.95,us,usp000dxe2,2020-04-18T00:02:11.377Z,"near the east coast of Honshu, Japan",earthquake,,,,,reviewed,us,hrv
2005-07-24T15:42:06.210Z,7.92,92.19,16,7.2,mwc,636,26.4,,0.93,us,usp000dvtc,2020-04-18T00:01:59.959Z,"Nicobar Islands, India region",earthquake,,,,,reviewed,us,hrv
2005-06-15T02:50:54.190Z,41.292,-125.953,16,7.2,mwc,420,31.4,,1.2,us,usp000dt25,2020-05-07T13:34:24.229Z,"off the coast of Northern California",earthquake,,,,,reviewed,us,hrv
2005-06-13T22:44:33.900Z,-19.987,-69.197,115.6,7.8,mwb,714,16.1,,1.01,us,usp000dsw1,2020-04-18T00:01:39.502Z,"Tarapaca, Chile",earthquake,,,,,reviewed,us,us
2005-03-28T16:09:36.530Z,2.085,97.108,30,8.6,mww,510,22.1,,0.91,official,official20050328160936530_30,2020-04-17T19:37:36.677Z,"northern Sumatra, Indonesia",earthquake,,,,,reviewed,us,official
2005-03-02T10:42:12.230Z,-6.527,129.933,201.7,7.1,mwb,569,18.1,,1.16,us,usp000dhc1,2020-01-04T03:48:19.755Z,"Banda Sea",earthquake,,,,,reviewed,us,us
2005-02-05T12:23:18.940Z,5.293,123.337,525,7.1,mwc,640,26.4,,1.14,us,usp000dfj2,2020-04-17T23:59:53.371Z,"Celebes Sea",earthquake,,,,,reviewed,us,hrv
2004-12-26T04:21:29.810Z,6.91,92.958,39.2,7.2,mwc,385,27.9,,1,us,usp000dbg6,2020-04-17T23:59:23.763Z,"Nicobar Islands, India region",earthquake,,7.6,,,reviewed,us,hrv
2004-12-26T00:58:53.450Z,3.295,95.982,30,9.1,mw,601,22,,1.17,official,official20041226005853450_30,2020-04-17T19:36:48.419Z,"2004 Sumatra - Andaman Islands Earthquake",earthquake,,,,,reviewed,us,official
2004-12-23T14:59:04.410Z,-49.312,161.345,10,8.1,mwc,331,59.3,,1.12,us,usp000db93,2020-03-27T22:39:51.426Z,"north of Macquarie Island",earthquake,,,,,reviewed,us,hrv
2004-11-28T18:32:14.130Z,43.006,145.119,39,7,mwb,929,23.9,,0.79,us,usp000d9h1,2020-04-17T23:58:56.215Z,"Hokkaido, Japan region",earthquake,,,,,reviewed,us,us
2004-11-26T02:25:03.310Z,-3.609,135.404,10,7.1,mwc,439,28.8,,1.18,us,usp000d975,2020-04-17T23:58:44.851Z,"Papua, Indonesia",earthquake,,,,,reviewed,us,hrv
2004-11-22T20:26:23.900Z,-46.676,164.721,10,7.1,mwc,585,14.7,,1.13,us,usp000d8ze,2020-03-27T22:39:15.845Z,"off the west coast of the South Island of New Zealand",earthquake,,,,,reviewed,us,hrv
2004-11-15T09:06:56.560Z,4.695,-77.508,15,7.2,mwb,708,50.2,,0.9,us,usp000d8gx,2020-04-17T23:58:29.013Z,"near the west coast of Colombia",earthquake,,,,,reviewed,us,us
2004-11-11T21:26:41.150Z,-8.152,124.868,10,7.5,mwc,301,33.8,,1.07,us,usp000d85g,2020-04-17T23:58:24.464Z,"Kepulauan Alor, Indonesia",earthquake,,,,,reviewed,us,hrv
2004-10-09T21:26:53.690Z,11.422,-86.665,35,7,mwc,441,32.2,,1.1,us,usp000d63h,2020-04-17T23:57:38.839Z,"near the coast of Nicaragua",earthquake,,,,,reviewed,us,hrv
2004-09-05T14:57:18.610Z,33.184,137.071,10,7.4,mwb,594,27.5,,0.91,us,usp000d3mb,2020-04-17T23:57:09.236Z,"near the south coast of Honshu, Japan",earthquake,,,,,reviewed,us,us
2004-09-05T10:07:07.820Z,33.07,136.618,14,7.2,mwc,643,28.4,,0.89,us,usp000d3ka,2020-04-17T23:57:06.993Z,"near the south coast of western Honshu, Japan",earthquake,,,,,reviewed,us,hrv
2004-07-25T14:35:19.060Z,-2.427,103.981,582.1,7.3,mwb,641,33.7,,0.85,us,usp000d0v4,2020-01-04T03:15:12.459Z,"southern Sumatra, Indonesia",earthquake,,,,,reviewed,us,us
2004-07-15T04:27:14.730Z,-17.656,-178.76,565.5,7.1,mwc,208,52.2,,0.93,us,usp000d06s,2020-01-04T03:14:18.741Z,"Fiji region",earthquake,,,,,reviewed,us,hrv
2004-02-07T02:42:35.210Z,-4.003,135.023,10,7.3,mwb,390,23,,1.01,us,usp000ckks,2020-04-17T23:55:09.511Z,"near the south coast of Papua, Indonesia",earthquake,,,,,reviewed,us,us
2004-02-05T21:05:02.840Z,-3.615,135.538,16.6,7,mwc,367,33,,0.98,us,usp000ckg7,2020-04-17T23:55:04.982Z,"Papua, Indonesia",earthquake,,10.2,,,reviewed,us,hrv
2004-01-03T16:23:21.020Z,-22.253,169.683,22,7.1,mwc,597,39.8,,1.06,us,usp000cgz9,2017-11-08T17:57:08.180Z,"southeast of the Loyalty Islands",earthquake,,,,,reviewed,us,hrv
2003-12-27T16:00:59.450Z,-22.015,169.766,10,7.3,mwc,235,46.6,,1.3,us,usp000cg90,2020-03-27T22:36:58.989Z,"southeast of the Loyalty Islands",earthquake,,,,,reviewed,us,hrv
2003-11-17T06:43:06.800Z,51.146,178.65,33,7.8,mwc,604,24,,1.11,us,usp000cd1n,2020-03-27T22:36:15.408Z,"Rat Islands, Aleutian Islands, Alaska",earthquake,,,,,reviewed,us,hrv
2003-10-31T01:06:28.280Z,37.812,142.619,10,7,mwb,568,61.2,,0.8,us,usp000cbpa,2020-01-04T02:50:03.065Z,"off the east coast of Honshu, Japan",earthquake,,,,,reviewed,us,us
2003-09-27T11:33:25.080Z,50.038,87.813,16,7.3,mwb,667,24.5,,1.03,us,usp000c8sz,2020-04-17T23:53:59.369Z,"southwestern Siberia, Russia",earthquake,,,,,reviewed,us,us
2003-09-25T21:08:00.030Z,41.774,143.593,33,7.4,mwc,514,78.8,,1.02,us,usp000c8mb,2020-04-17T23:53:57.130Z,"Hokkaido, Japan region",earthquake,,,,,reviewed,us,hrv
2003-09-25T19:50:06.360Z,41.815,143.91,27,8.16,mww,,,,,official,official20030925195006360_27,2020-04-14T21:29:16.569Z,"Hokkaido, Japan region",earthquake,,,,,reviewed,us,duputel
2003-08-21T12:12:49.790Z,-45.104,167.144,28,7.2,mwc,428,17.5,,1.1,us,usp000c5h6,2020-04-17T23:53:41.371Z,"South Island of New Zealand",earthquake,,,,,reviewed,us,hrv
2003-08-04T04:37:20.130Z,-60.532,-43.411,10,7.6,mwc,315,25.2,,1.09,us,usp000c41f,2020-03-27T22:35:48.061Z,"Scotia Sea",earthquake,,,,,reviewed,us,hrv
2003-07-15T20:27:50.530Z,-2.598,68.382,10,7.6,mwc,522,34.9,,0.98,us,usp000c2ka,2018-10-17T19:45:34.814Z,"Carlsberg Ridge",earthquake,,,,,reviewed,us,hrv
2003-06-20T06:19:38.910Z,-7.606,-71.722,558.1,7.1,mwc,672,22.5,,0.89,us,usp000c0ag,2018-09-28T19:56:05.712Z,"Amazonas, Brazil",earthquake,,,,,reviewed,us,hrv
2003-05-26T19:23:27.940Z,2.354,128.855,31,7,mwc,473,30.3,,1.09,us,usp000by7n,2020-04-17T23:52:22.457Z,"Halmahera, Indonesia",earthquake,,,,,reviewed,us,hrv
2003-05-26T09:24:33.400Z,38.849,141.568,68,7,mwb,690,19.1,,1.01,us,usp000by66,2020-04-17T23:52:20.222Z,"near the east coast of Honshu, Japan",earthquake,,,,,reviewed,us,us
2003-03-17T16:36:17.310Z,51.272,177.978,33,7.1,mwb,607,30.3,,1.26,us,usp000bsvs,2017-11-07T18:46:52.517Z,"Rat Islands, Aleutian Islands, Alaska",earthquake,,,,,reviewed,us,us
2003-03-17T16:36:09.856Z,50.3298,177.5472,5,7,mw,,,,0.44,ak,ak0033hyl1qx,2019-02-12T21:36:29.869Z,"Rat Islands, Aleutian Islands, Alaska",earthquake,,493.6,,,reviewed,ak,ak
2003-01-22T02:06:34.610Z,18.77,-104.104,24,7.6,mwb,551,,,1.4,us,usp000bnyr,2020-04-17T23:51:08.157Z,"offshore Colima, Mexico",earthquake,,,,,reviewed,us,us
2003-01-20T08:43:06.070Z,-10.491,160.77,33,7.3,mwc,457,,,0.84,us,usp000bnvq,2020-04-17T23:51:03.666Z,"Solomon Islands",earthquake,,,,,reviewed,us,hrv
2002-11-17T04:53:53.540Z,47.824,146.209,459.1,7.3,mwc,326,,,1.02,us,usp000bhv1,2017-11-07T18:39:09.074Z,"northwest of the Kuril Islands",earthquake,,,,,reviewed,us,hrv
2002-11-03T22:12:41.518Z,63.5141,-147.4529,4.2,7.9,mw,,,,1.58,ak,ak002e435qpj,2020-04-17T23:50:29.231Z,"Central Alaska",earthquake,,0.9,,,reviewed,ak,ak
2002-11-02T01:26:10.700Z,2.824,96.085,30,7.4,mwb,418,,,1.22,us,usp000bfuz,2020-04-17T23:50:22.171Z,"Simeulue, Indonesia",earthquake,,,,,reviewed,us,us
2002-10-10T10:50:20.570Z,-1.757,134.297,10,7.6,mwc,375,,,1.15,us,usp000be54,2020-04-17T23:49:48.678Z,"near the north coast of Papua, Indonesia",earthquake,,,,,reviewed,us,hrv
2002-09-08T18:44:23.710Z,-3.302,142.945,13,7.6,mwc,428,,,1.16,us,usp000bbpf,2020-04-17T23:49:19.363Z,"near the north coast of New Guinea, Papua New Guinea",earthquake,,,,,reviewed,us,hrv
2002-08-19T11:08:24.310Z,-23.884,178.495,675.4,7.7,mwc,302,,,1.08,us,usp000ba6m,2017-11-07T18:34:30.509Z,"south of the Fiji Islands",earthquake,,,,,reviewed,us,hrv
2002-08-19T11:01:01.190Z,-21.696,-179.513,580,7.7,mwc,670,,,0.93,us,usp000ba6g,2017-11-07T18:33:30.582Z,"Fiji region",earthquake,,,,,reviewed,us,hrv
2002-06-28T17:19:30.270Z,43.752,130.666,566,7.3,mwc,712,,,0.86,us,usp000b73z,2020-01-04T01:44:09.765Z,"Jilin-Heilongjiang border region, China",earthquake,,,,,reviewed,us,hrv
2002-04-26T16:06:07.000Z,13.088,144.619,85.7,7.1,mwc,257,,,1.04,us,usp000b37m,2020-04-16T17:54:15.668Z,"Guam region",earthquake,,3.3,,,reviewed,us,hrv
2002-03-31T06:52:50.490Z,24.279,122.179,32.8,7.1,mwc,550,,,0.96,us,usp000b1e2,2020-04-17T23:47:46.687Z,"Taiwan region",earthquake,,3.4,,,reviewed,us,hrv
2002-03-05T21:16:09.130Z,6.033,124.249,31,7.5,mwc,321,,,0.95,us,usp000azqw,2020-04-17T23:47:33.149Z,"Mindanao, Philippines",earthquake,,,,,reviewed,us,hrv
2002-03-03T12:08:19.740Z,36.502,70.482,225.6,7.4,mwc,138,,,1.06,us,usp000azhc,2020-03-03T01:40:46.553Z,"Hindu Kush region, Afghanistan",earthquake,,,,,reviewed,us,hrv
2002-01-02T17:22:48.760Z,-17.6,167.856,21,7.2,mwc,427,,,0.9,us,usp000avpw,2020-04-17T23:46:38.825Z,"Vanuatu",earthquake,,,,,reviewed,us,hrv
2001-12-12T14:02:35.040Z,-42.813,124.688,10,7.1,mwc,255,,,0.97,us,usp000aufx,2017-11-07T18:25:31.460Z,"south of Australia",earthquake,,,,,reviewed,us,hrv
2001-11-14T09:26:10.010Z,35.946,90.541,10,7.8,mwc,368,,,1.07,us,usp000asvm,2020-04-17T23:46:18.523Z,"southern Qinghai, China",earthquake,,,,,reviewed,us,hrv
2001-10-31T09:10:20.000Z,-5.912,150.196,33,7,mwc,254,,,0.92,us,usp000arz5,2020-04-17T23:46:07.023Z,"New Britain region, Papua New Guinea",earthquake,,,,,reviewed,us,hrv
2001-10-19T03:28:44.460Z,-4.102,123.907,33,7.5,mwc,234,,,1.14,us,usp000ar78,2020-04-17T23:46:02.513Z,"Banda Sea",earthquake,,,,,reviewed,us,hrv
2001-10-12T15:02:16.840Z,12.686,144.98,37,7,mwc,482,,,1.15,us,usp000aqsu,2020-04-16T17:59:10.557Z,"Guam region",earthquake,,,,,reviewed,us,hrv
2001-08-21T06:52:06.250Z,-36.813,-179.575,33,7.1,mwc,478,,,1.18,us,usp000amsn,2017-11-07T18:19:49.222Z,"east of the North Island of New Zealand",earthquake,,,,,reviewed,us,hrv
2001-07-07T09:38:43.520Z,-17.543,-72.077,33,7.6,mwc,398,,,1.15,us,usp000aj40,2020-04-17T23:45:16.858Z,"near the coast of southern Peru",earthquake,,,,,reviewed,us,hrv
2001-06-23T20:33:14.130Z,-16.265,-73.641,33,8.4,mww,518,,,1.05,official,official20010623203314130_33,2020-04-17T19:35:44.057Z,"near the coast of southern Peru",earthquake,,,,,reviewed,us,official
2001-06-03T02:41:57.160Z,-29.666,-178.633,178.1,7.2,mwc,421,,,1.01,us,usp000afyg,2017-11-07T16:53:50.866Z,"Kermadec Islands, New Zealand",earthquake,,,,,reviewed,us,hrv
2001-02-24T07:23:48.730Z,1.271,126.249,35,7.1,mwc,426,,,1.05,us,usp000aa8b,2020-04-17T23:43:34.123Z,"Molucca Sea",earthquake,,,,,reviewed,us,hrv
2001-02-13T19:28:30.260Z,-4.68,102.562,36,7.4,mwc,221,,,1.31,us,usp000a9kc,2020-04-17T23:43:11.625Z,"southern Sumatra, Indonesia",earthquake,,,,,reviewed,us,hrv
2001-01-26T03:16:40.500Z,23.419,70.232,16,7.7,mwc,472,,,1.25,us,usp000a8ds,2020-04-17T23:41:43.519Z,"Gujarat, India",earthquake,,,,,reviewed,us,hrv
2001-01-13T17:33:32.380Z,13.049,-88.66,60,7.7,mwc,427,,,1.13,us,usp000a7m5,2020-04-17T23:41:29.976Z,"offshore El Salvador",earthquake,,,,,reviewed,us,hrv
2001-01-09T16:49:28.000Z,-14.928,167.17,103,7.1,mwb,372,,,1.15,us,usp000a7cv,2020-04-17T23:41:27.730Z,"Vanuatu",earthquake,,,,,reviewed,us,us
2001-01-01T06:57:04.170Z,6.898,126.579,33,7.5,mwc,324,,,1.06,us,usp000a70h,2020-04-17T23:41:23.233Z,"Mindanao, Philippines",earthquake,,,,,reviewed,us,hrv
2000-12-06T17:11:06.400Z,39.566,54.799,30,7,mwc,495,,,0.9,us,usp000a5m7,2020-04-17T23:41:07.211Z,"Turkmenistan",earthquake,,,,,reviewed,us,hrv
2000-11-17T21:01:56.490Z,-5.496,151.781,33,7.8,mwc,346,,,1.07,us,usp000a45f,2020-04-17T23:40:51.257Z,"New Britain region, Papua New Guinea",earthquake,,,,,reviewed,us,hrv
2000-11-16T07:42:16.930Z,-5.233,153.102,30,7.8,mwc,294,,,1.31,us,usp000a3sp,2020-04-17T23:40:46.760Z,"New Ireland region, Papua New Guinea",earthquake,,,,,reviewed,us,hrv
2000-11-16T04:54:56.740Z,-3.98,152.169,33,8,mwc,254,,,1.2,us,usp000a3qq,2020-04-17T23:40:44.513Z,"New Ireland region, Papua New Guinea",earthquake,,,,,reviewed,us,hrv
2000-10-29T08:37:08.770Z,-4.766,153.945,50,7,mwc,60,,,0.96,us,usp000a2mw,2020-01-04T00:15:32.509Z,"New Ireland region, Papua New Guinea",earthquake,,,,,reviewed,us,hrv
2000-10-04T16:58:44.310Z,-15.421,166.91,23,7,mwc,357,,,1.16,us,usp000a18v,2020-04-17T23:40:08.366Z,"Vanuatu",earthquake,,,,,reviewed,us,hrv
2000-08-06T07:27:12.900Z,28.856,139.556,394.8,7.4,mwc,588,,,0.9,us,usp0009xzy,2017-11-07T16:24:23.950Z,"Bonin Islands, Japan region",earthquake,,,,,reviewed,us,hrv
2000-06-18T14:44:13.310Z,-13.802,97.453,10,7.9,mwc,405,,,1.16,us,usp0009ut0,2020-03-27T22:28:15.420Z,"South Indian Ocean",earthquake,,,,,reviewed,us,hrv
2000-06-04T16:28:26.170Z,-4.721,102.087,33,7.9,mwc,379,,,1.1,us,usp0009txv,2020-04-17T23:38:10.484Z,"southern Sumatra, Indonesia",earthquake,,,,,reviewed,us,hrv
2000-05-12T18:43:18.120Z,-23.548,-66.452,225,7.2,mwc,,,,0.86,us,usp0009suu,2020-04-16T18:12:15.922Z,"Jujuy, Argentina",earthquake,,4.6,,,reviewed,us,hrv
2000-05-04T04:21:16.210Z,-1.105,123.573,26,7.6,mwc,,,,1.14,us,usp0009sbh,2020-04-17T23:37:49.881Z,"Sulawesi, Indonesia",earthquake,,,,,reviewed,us,hrv
2000-04-23T09:27:23.320Z,-28.307,-62.99,608.5,7,mwb,,,,0.89,us,usp0009rrc,2017-11-07T16:14:17.222Z,"Santiago Del Estero, Argentina",earthquake,,,,,reviewed,us,us
2000-03-28T11:00:22.510Z,22.338,143.73,126.5,7.6,mwc,,,,1.22,us,usp0009qb4,2018-10-17T19:37:57.922Z,"Volcano Islands, Japan region",earthquake,,,,,reviewed,us,hrv
2000-02-25T01:43:58.640Z,-19.528,173.818,33,7.1,mwc,,,,1.2,us,usp0009nxg,2017-11-07T16:17:30.218Z,"Vanuatu region",earthquake,,,,,reviewed,us,hrv
2000-01-08T16:47:20.580Z,-16.925,-174.248,183.4,7.2,mwc,,,,1.25,us,usp0009kx3,2020-04-16T18:14:03.176Z,"Tonga",earthquake,,,,,reviewed,us,hrv
1999-12-11T18:03:36.450Z,15.766,119.74,33,7.3,mwc,,,,1,us,usp0009jr8,2020-04-17T23:36:37.676Z,"Luzon, Philippines",earthquake,,,,,reviewed,us,hrv
1999-12-06T23:12:33.537Z,57.3424,-154.3469,43.6,7,mw,,,,1.08,ak,ak999fmohlzt,2020-03-27T22:27:08.596Z,"Kodiak Island region, Alaska",earthquake,,2.9,,,reviewed,ak,ak
1999-11-26T13:21:15.570Z,-16.423,168.214,33,7.5,mwc,,,,1.2,us,usp0009j4n,2020-04-17T23:36:24.131Z,"Vanuatu",earthquake,,,,,reviewed,us,hrv
1999-11-19T13:56:46.450Z,-6.351,148.763,33,7,mwc,,,,1.12,us,usp0009huj,2020-04-17T23:36:21.880Z,"New Britain region, Papua New Guinea",earthquake,,,,,reviewed,us,hrv
1999-11-15T05:42:43.220Z,-1.339,88.976,10,7,mwc,,,,0.99,us,usp0009hnt,2016-11-10T00:52:10.626Z,"South Indian Ocean",earthquake,,,,,reviewed,us,hrv
1999-11-12T16:57:19.550Z,40.758,31.161,10,7.2,mwc,,,,1.11,us,usp0009hev,2020-04-17T23:36:15.071Z,"western Turkey",earthquake,,,,,reviewed,us,hrv
1999-10-16T09:46:44.460Z,34.6033333,-116.265,13.73,7.1,mw,73,57,,0.31,ci,ci9108652,2020-04-17T21:00:14.108Z,"16km SW of Ludlow, CA",earthquake,0.35,31.61,,0,reviewed,ci,ci
1999-09-30T16:31:15.690Z,16.059,-96.931,60.6,7.5,mwc,,,,0.93,us,usp0009f7v,2020-04-17T23:35:51.880Z,"Oaxaca, Mexico",earthquake,,2.5,,,reviewed,us,hrv
1999-09-20T17:47:18.490Z,23.772,120.982,33,7.7,mwc,,,,1.11,us,usp0009eq0,2020-04-17T23:35:25.914Z,"Taiwan",earthquake,,,,,reviewed,us,hrv
1999-08-17T00:01:39.130Z,40.748,29.864,17,7.6,mwc,,,,1.27,us,usp0009d4z,2020-04-17T23:35:09.735Z,"western Turkey",earthquake,,,,,reviewed,us,hrv
1999-06-15T20:42:05.930Z,18.386,-97.436,70,7,mwc,,,,1.06,us,usp00099y6,2020-04-17T23:34:51.661Z,"Puebla, Mexico",earthquake,,,,,reviewed,us,hrv
1999-05-16T00:51:20.460Z,-4.751,152.486,73.7,7.1,mwc,,,,0.95,us,usp000982a,2020-04-17T23:34:35.689Z,"New Britain region, Papua New Guinea",earthquake,,2.2,,,reviewed,us,hrv
1999-05-10T20:33:02.090Z,-5.159,150.88,138,7.1,mwb,,,,0.93,us,usp00097rj,2020-04-17T23:34:31.194Z,"New Britain region, Papua New Guinea",earthquake,,,,,reviewed,us,us
1999-04-08T13:10:34.080Z,43.607,130.35,565.7,7.1,mwc,,,,0.84,us,usp00095z9,2020-01-03T23:10:29.809Z,"Jilin-Heilongjiang border region, China",earthquake,,,,,reviewed,us,hrv
1999-04-05T11:08:04.000Z,-5.591,149.568,150,7.4,mwc,,,,1.05,us,usp00095u8,2020-04-17T23:34:10.930Z,"New Britain region, Papua New Guinea",earthquake,,,,,reviewed,us,hrv
1999-03-04T08:52:01.900Z,5.397,121.937,33,7.1,mwc,,,,1.17,us,usp00093u0,2020-04-17T23:33:48.209Z,"Sulu Archipelago, Philippines",earthquake,,,,,reviewed,us,hrv
1999-02-06T21:47:59.470Z,-12.853,166.697,90.1,7.3,mwc,,,,1.17,us,usp00092cr,2020-04-17T23:33:30.220Z,"Santa Cruz Islands",earthquake,,,,,reviewed,us,hrv
1999-01-19T03:35:33.840Z,-4.596,153.235,114.1,7,mwc,,,,1.34,us,usp00091ag,2020-04-17T23:33:14.439Z,"New Ireland region, Papua New Guinea",earthquake,,,,,reviewed,us,hrv
1998-11-29T14:10:31.960Z,-2.071,124.891,33,7.7,mwc,,,,1.23,us,usp0008yx2,2020-04-17T23:32:56.329Z,"Banda Sea",earthquake,,,,,reviewed,us,hrv
1998-11-09T05:38:44.220Z,-6.92,128.946,33,7,mwc,,,,1.09,us,usp0008xw8,2020-04-17T23:32:42.816Z,"Banda Sea",earthquake,,,,,reviewed,us,hrv
1998-08-20T06:40:55.820Z,28.932,139.329,440.5,7.1,mwb,,,,0.92,us,usp0008tje,2016-11-10T00:43:29.483Z,"Bonin Islands, Japan region",earthquake,,2.6,,,reviewed,us,us
1998-08-04T18:59:20.100Z,-0.593,-80.393,33,7.2,mwc,,,,0.94,us,usp0008ssb,2020-04-17T23:31:45.428Z,"near the coast of Ecuador",earthquake,,,,,reviewed,us,hrv
1998-07-17T08:49:13.280Z,-2.961,141.926,10,7,mwc,,,,1.28,us,usp0008rpa,2020-04-17T23:31:31.919Z,"near the north coast of New Guinea, Papua New Guinea",earthquake,,,,,reviewed,us,hrv
1998-07-16T11:56:36.420Z,-11.04,166.16,110.2,7,mwc,,,,0.88,us,usp0008rm2,2020-04-16T18:25:07.830Z,"Santa Cruz Islands",earthquake,,,,,reviewed,us,hrv
1998-05-03T23:30:21.910Z,22.306,125.308,33,7.5,mwb,,,,0.99,us,usp0008mdk,2020-03-27T22:23:43.827Z,"southeast of Taiwan",earthquake,,,,,reviewed,us,us
1998-04-01T17:56:23.360Z,-0.544,99.261,55.7,7,mwc,,,,0.92,us,usp0008jd7,2020-04-17T23:30:20.975Z,"southern Sumatra, Indonesia",earthquake,,4.9,,,reviewed,us,hrv
1998-03-29T19:48:16.210Z,-17.552,-179.092,537.2,7.2,mwc,,,,1.02,us,usp0008j7s,2020-01-03T22:28:57.772Z,"Fiji region",earthquake,,,,,reviewed,us,hrv
1998-03-25T03:12:25.070Z,-62.877,149.527,10,8.1,mwc,,,,1.1,us,usp0008hzd,2020-03-27T22:23:01.909Z,"Balleny Islands region",earthquake,,,,,reviewed,us,hrv
1998-01-30T12:16:08.690Z,-23.913,-70.207,42,7.1,mwc,,,,1.11,us,usp0008f7c,2020-04-17T23:29:51.009Z,"Antofagasta, Chile",earthquake,,,,,reviewed,us,hrv
1998-01-04T06:11:58.970Z,-22.301,170.911,100.6,7.5,mwc,,,,0.88,us,usp0008dqq,2018-10-17T17:10:03.847Z,"southeast of the Loyalty Islands",earthquake,,,,,reviewed,us,hrv
1997-12-22T02:05:50.080Z,-5.495,147.867,179.3,7.2,mwc,,,,0.96,us,usp0008d0r,2020-04-17T23:29:35.173Z,"eastern New Guinea region, Papua New Guinea",earthquake,,,,,reviewed,us,hrv
1997-12-05T11:26:54.690Z,54.841,162.035,33,7.8,mwc,,,,1.02,us,usp0008btk,2020-04-17T23:29:23.855Z,"near the east coast of the Kamchatka Peninsula, Russia",earthquake,,,,,reviewed,us,hrv
1997-11-25T12:14:33.630Z,1.241,122.536,24,7,mwc,,,,1.18,us,usp0008baj,2020-04-17T23:29:21.598Z,"Minahasa, Sulawesi, Indonesia",earthquake,,,,,reviewed,us,hrv
1997-11-15T18:59:24.300Z,-15.145,167.375,123.1,7,mwc,,,,1.09,us,usp0008aqx,2020-04-17T23:29:14.845Z,"Vanuatu",earthquake,,,,,reviewed,us,hrv
1997-11-08T10:02:52.610Z,35.069,87.325,33,7.5,mwc,,,,1.38,us,usp0008a97,2020-01-03T22:14:04.084Z,"western Xizang",earthquake,,,,,reviewed,us,hrv
1997-10-28T06:15:17.330Z,-4.368,-76.681,112,7.2,mwc,,,,0.85,us,usp00089q2,2020-04-17T23:29:03.425Z,"northern Peru",earthquake,,,,,reviewed,us,hrv
1997-10-15T01:03:33.460Z,-30.933,-71.22,58,7.1,mwc,,,,1.05,us,usp000892b,2020-04-17T23:28:56.513Z,"Coquimbo, Chile",earthquake,,,,,reviewed,us,hrv
1997-10-14T09:53:18.150Z,-22.101,-176.772,167.3,7.8,mwb,,,,0.93,us,usp000890q,2020-03-27T22:22:23.904Z,"south of the Fiji Islands",earthquake,,,,,reviewed,us,us
1997-09-20T16:11:32.150Z,-28.683,-177.624,30,7,mwc,,,,0.99,us,usp00087s6,2016-11-10T00:46:26.397Z,"Kermadec Islands region",earthquake,,,,,reviewed,us,hrv
1997-07-09T19:24:13.170Z,10.598,-63.486,19.9,7,mwc,,,,1.25,us,usp00084m2,2020-04-17T23:28:01.891Z,"Sucre, Venezuela",earthquake,,3.1,,,reviewed,us,hrv
1997-05-25T23:22:33.190Z,-32.115,179.791,332.7,7.1,mwc,,,,1.16,us,usp00082uf,2016-11-09T03:12:03.900Z,"south of the Kermadec Islands",earthquake,,,,,reviewed,us,hrv
1997-05-10T07:57:29.720Z,33.825,59.809,10,7.3,mwb,,,,1.12,us,usp000820p,2020-04-17T23:27:11.553Z,"eastern Iran",earthquake,,,,,reviewed,us,us
1997-04-21T12:02:26.430Z,-12.584,166.676,33,7.7,mwc,,,,0.93,us,usp00080wt,2020-04-17T23:26:59.632Z,"Santa Cruz Islands",earthquake,,,,,reviewed,us,hrv
1997-02-27T21:08:02.360Z,29.976,68.208,33,7.1,mwc,,,,1.17,us,usp0007xx2,2020-04-17T23:26:12.545Z,"Pakistan",earthquake,,,,,reviewed,us,hrv
1997-01-23T02:15:22.970Z,-21.999,-65.719,276.2,7.1,mwc,,,,0.94,us,usp0007w7v,2016-11-10T00:24:27.843Z,"Potosi, Bolivia",earthquake,,,,,reviewed,us,hrv
1997-01-11T20:28:26.020Z,18.219,-102.756,33,7.2,mwb,,,,1.09,us,usp0007vrx,2020-04-17T23:25:51.302Z,"Michoacan, Mexico",earthquake,,,,,reviewed,us,us
1996-11-12T16:59:44.030Z,-14.993,-75.675,33,7.7,mwc,,,,1.11,us,usp0007swp,2020-04-17T23:25:18.496Z,"near the coast of central Peru",earthquake,,,,,reviewed,us,hrv
1996-08-05T22:38:22.090Z,-20.69,-178.31,550.2,7.4,mwc,,,,0.9,us,usp0007n5m,2016-11-10T00:42:07.581Z,"Fiji region",earthquake,,,,,reviewed,us,hrv
1996-07-22T14:19:35.770Z,1,120.45,33,7,mwc,,,,1.2,us,usp0007me1,2020-04-17T23:23:47.295Z,"Minahasa, Sulawesi, Indonesia",earthquake,,,,,reviewed,us,hrv
1996-06-17T11:22:18.540Z,-7.137,122.589,587.3,7.9,mwc,,,,1.2,us,usp0007jw8,2020-01-03T21:07:13.173Z,"Flores Sea",earthquake,,,,,reviewed,us,hrv
1996-06-11T18:22:55.730Z,12.614,125.154,33,7.1,mwc,,,,0.9,us,usp0007jkw,2020-04-17T23:23:33.814Z,"Samar, Philippines",earthquake,,,,,reviewed,us,hrv
1996-06-10T15:24:56.000Z,51.478,-176.847,26.3,7.3,mwc,,,,1,us,usp0007jfz,2020-04-16T18:38:24.893Z,"Andreanof Islands, Aleutian Islands, Alaska",earthquake,,,,,reviewed,us,hrv
1996-06-10T04:03:35.480Z,51.564,-177.632,33,7.9,mwc,,,,0.9,us,usp0007jcu,2020-04-16T18:38:28.226Z,"Andreanof Islands, Aleutian Islands, Alaska",earthquake,,,,,reviewed,us,hrv
1996-06-02T02:52:09.550Z,10.797,-42.254,10,7,mwc,,,,1.1,us,usp0007j1e,2016-11-10T00:36:43.855Z,"northern Mid-Atlantic Ridge",earthquake,,,,,reviewed,us,hrv
1996-04-29T14:40:41.090Z,-6.518,154.999,44,7.2,mwc,,,,1,us,usp0007gqq,2020-04-17T23:23:20.271Z,"Bougainville region, Papua New Guinea",earthquake,,,,,reviewed,us,hrv
1996-04-16T00:30:54.670Z,-24.061,-177.036,110.9,7.2,mwb,,,,1,us,usp0007g84,2016-11-10T00:31:42.917Z,"south of the Fiji Islands",earthquake,,,,,reviewed,us,us
1996-02-25T03:08:15.870Z,15.978,-98.07,21.1,7.1,mw,,,,1.2,us,usp0007dv6,2020-04-17T23:22:39.184Z,"offshore Oaxaca, Mexico",earthquake,,,,,reviewed,us,hrv
1996-02-21T12:51:01.300Z,-9.593,-79.587,10,7.5,mw,,,,1.2,us,usp0007dmb,2020-04-17T23:22:34.692Z,"off the coast of northern Peru",earthquake,,,,,reviewed,us,hrv
1996-02-17T05:59:30.550Z,-0.891,136.952,33,8.09,mww,,,,,official,official19960217055930550_33,2020-04-14T21:21:31.561Z,"Biak region, Indonesia",earthquake,,,,,reviewed,us,duputel
1996-02-07T21:36:46.300Z,45.324,149.892,42.6,7.2,mw,,,,1.1,us,usp0007chh,2020-03-27T22:19:09.757Z,"Kuril Islands",earthquake,,,,,reviewed,us,hrv
1996-01-01T08:05:10.830Z,0.729,119.931,24,7.9,mw,,,,1.2,us,usp00079zv,2020-04-17T23:22:00.612Z,"Minahasa, Sulawesi, Indonesia",earthquake,,,,,reviewed,us,hrv
1995-12-25T04:43:24.460Z,-6.903,129.151,141.9,7.1,mw,,,,1,us,usp00079k5,2020-04-17T23:21:58.364Z,"Banda Sea",earthquake,,,,,reviewed,us,hrv
1995-12-03T18:01:08.990Z,44.663,149.3,33,7.9,mw,,,,1.1,us,usp000782n,2020-01-03T20:41:43.926Z,"Kuril Islands",earthquake,,,,,reviewed,us,hrv
1995-11-22T04:15:11.940Z,28.826,34.799,10,7.2,mw,,,,1.3,us,usp0007788,2020-04-17T23:21:34.597Z,"Egypt",earthquake,,,,,reviewed,us,hrv
1995-10-21T02:38:57.120Z,16.84,-93.469,159.3,7.2,mw,,,,1.1,us,usp00075gf,2020-04-17T23:21:20.550Z,"Chiapas, Mexico",earthquake,,,,,reviewed,us,hrv
1995-10-18T10:37:26.380Z,27.929,130.175,28.4,7.1,mw,,,,1.2,us,usp00075bd,2020-04-17T23:21:18.196Z,"Ryukyu Islands, Japan",earthquake,,,,,reviewed,us,hrv
1995-10-09T15:35:53.910Z,19.055,-104.205,33,8,mw,,,,1.3,us,usp00074vc,2020-04-17T23:21:13.539Z,"Colima, Mexico",earthquake,,,,,reviewed,us,hrv
1995-10-03T01:51:23.900Z,-2.75,-77.881,24.4,7,mw,,,,0.9,us,usp00074c4,2020-04-17T23:20:59.251Z,"Peru-Ecuador border region",earthquake,,,,,reviewed,us,hrv
1995-09-14T14:04:31.430Z,16.779,-98.597,23,7.4,mwb,,,,1.2,us,usp00073c5,2020-04-17T23:20:42.883Z,"Guerrero, Mexico",earthquake,,,,,reviewed,us,us
1995-08-23T07:06:02.760Z,18.856,145.218,594.9,7.1,mwb,,,,0.9,us,usp00072a1,2016-11-10T00:43:45.580Z,"Pagan region, Northern Mariana Islands",earthquake,,,,,reviewed,us,us
1995-08-16T23:10:23.980Z,-5.771,154.347,33,7.2,mw,,,,1.2,us,usp00071xh,2020-04-17T23:20:35.895Z,"Bougainville region, Papua New Guinea",earthquake,,,,,reviewed,us,hrv
1995-08-16T10:27:28.630Z,-5.799,154.178,30.1,7.7,mw,,,,1.3,us,usp00071w4,2020-04-17T23:20:33.566Z,"Bougainville region, Papua New Guinea",earthquake,,,,,reviewed,us,hrv
1995-07-30T05:11:23.630Z,-23.34,-70.294,45.6,8,mw,,,,1.1,us,usp000714t,2020-04-17T23:20:26.481Z,"Antofagasta, Chile",earthquake,,,,,reviewed,us,hrv
1995-07-03T19:50:50.620Z,-29.211,-177.589,35.3,7.2,mwb,,,,1.2,us,usp000702z,2016-11-10T00:39:26.807Z,"Kermadec Islands, New Zealand",earthquake,,,,,reviewed,us,us
1995-05-27T13:03:52.650Z,52.629,142.827,11,7.1,mwb,,,,0.9,us,usp0006y50,2020-04-17T23:19:54.091Z,"Sakhalin, Russia",earthquake,,,,,reviewed,us,us
1995-05-16T20:12:44.220Z,-23.008,169.9,20.2,7.7,mw,,,,1.3,us,usp0006xg1,2020-03-27T22:17:59.167Z,"southeast of the Loyalty Islands",earthquake,,,,,reviewed,us,hrv
1995-05-05T03:53:45.050Z,12.626,125.297,16,7.1,mw,,,,0.9,us,usp0006ww5,2020-04-17T23:19:27.019Z,"Samar, Philippines",earthquake,,,,,reviewed,us,hrv
1995-04-21T00:34:46.090Z,12.059,125.58,20.7,7.2,mw,,,,1.2,us,usp0006vz9,2020-04-17T23:19:13.527Z,"Samar, Philippines",earthquake,,,,,reviewed,us,hrv
1995-04-07T22:06:56.890Z,-15.199,-173.529,21.2,7.4,mw,,,,1.1,us,usp0006vb3,2020-03-27T22:17:49.888Z,"Tonga",earthquake,,,,,reviewed,us,hrv
1995-02-05T22:51:05.140Z,-37.759,178.752,21.1,7.1,mw,,,,1,us,usp0006sef,2020-04-17T23:18:19.434Z,"off the east coast of the North Island of New Zealand",earthquake,,,,,reviewed,us,hrv
1995-01-06T22:37:34.320Z,40.246,142.175,26.9,7,mw,,,,0.9,us,usp0006qyz,2020-04-17T23:18:03.402Z,"near the east coast of Honshu, Japan",earthquake,,,,,reviewed,us,hrv
1994-12-28T12:19:23.030Z,40.525,143.419,26.5,7.8,mw,,,,1.1,us,usp0006qh3,2020-04-17T23:17:54.385Z,"off the east coast of Honshu, Japan",earthquake,,,,,reviewed,us,hrv
1994-11-14T19:15:30.660Z,13.525,121.067,31.5,7.1,mw,,,,1.1,us,usp0006nn2,2020-04-17T23:17:38.631Z,"Mindoro, Philippines",earthquake,,,,,reviewed,us,hrv
1994-10-09T07:55:39.580Z,43.905,147.916,33,7.3,mw,,,,0.9,us,usp0006ku9,2020-04-17T23:17:27.393Z,"Kuril Islands",earthquake,,,,,reviewed,us,hrv
1994-10-04T13:22:55.840Z,43.773,147.321,14,8.3,mw,,,,0.9,us,usp0006kdp,2020-04-17T23:17:22.888Z,"Kuril Islands",earthquake,,4.7,,,reviewed,us,hrv
1994-09-01T15:15:48.310Z,40.4055,-126.3028333,4.972,7,mw,271,271,1.504,0.34,nc,nc30056327,2020-04-17T21:18:48.123Z,"off the coast of Northern California",earthquake,2.04,2.33,,3,reviewed,nc,nc
1994-07-21T18:36:31.740Z,42.34,132.865,471.4,7.3,mw,,,,0.9,us,usp0006fyv,2020-01-03T19:24:02.755Z,"Primor'ye, Russia",earthquake,,,,,reviewed,us,hrv
1994-07-13T02:35:56.020Z,-16.62,167.518,33,7.2,mw,,,,1.3,us,usp0006fjg,2020-04-17T23:16:42.040Z,"Vanuatu",earthquake,,,,,reviewed,us,hrv
1994-06-09T00:33:16.230Z,-13.841,-67.553,631.3,8.2,mw,,,,1.1,us,usp0006dzc,2020-04-17T23:16:23.983Z,"La Paz, Bolivia",earthquake,,,,,reviewed,us,hrv
1994-06-02T18:17:34.020Z,-10.477,112.835,18.4,7.8,mw,,,,1.1,us,usp0006djk,2020-04-17T23:16:12.717Z,"south of Java, Indonesia",earthquake,,4,,,reviewed,us,hrv
1994-03-14T04:30:15.750Z,-1.278,-23.569,10,7,mw,,,,1.4,us,usp00069pg,2015-06-30T16:59:01.886Z,"central Mid-Atlantic Ridge",earthquake,,,,,reviewed,us,hrv
1994-03-09T23:28:06.780Z,-18.039,-178.413,562.5,7.6,mw,,,,1,us,usp00069fm,2020-01-03T19:05:09.935Z,"Fiji region",earthquake,,,,,reviewed,us,hrv
1994-02-12T17:58:23.990Z,-20.553,169.361,27.7,7,mwb,,,,1,us,usp00068eg,2020-04-17T23:14:56.528Z,"Vanuatu",earthquake,,,,,reviewed,us,us
1994-01-21T02:24:29.960Z,1.015,127.733,19.9,7,mwb,,,,1.2,us,usp0006744,2020-04-17T23:14:43.011Z,"Halmahera, Indonesia",earthquake,,,,,reviewed,us,us
1993-12-29T07:48:14.200Z,-20.23,169.789,33,7,mw,,,,1.1,us,usp00065sh,2020-04-17T23:14:22.738Z,"Vanuatu",earthquake,,,,,reviewed,us,hrv
1993-11-13T01:18:04.180Z,51.934,158.647,34,7,mw,,,,1,us,usp00063mj,2020-04-17T23:14:06.944Z,"near the east coast of the Kamchatka Peninsula, Russia",earthquake,,,,,reviewed,us,hrv
1993-09-10T19:12:54.620Z,14.717,-92.645,34.1,7.2,mw,,,,1.3,us,usp0006030,2020-04-17T23:13:05.987Z,"offshore Chiapas, Mexico",earthquake,,,,,reviewed,us,hrv
1993-08-10T00:51:53.250Z,-45.277,166.927,28.1,7,mw,,,,1.1,us,usp0005y7g,2020-04-17T23:12:43.435Z,"off the west coast of the South Island of New Zealand",earthquake,,,,,reviewed,us,hrv
1993-08-09T12:42:48.190Z,36.379,70.868,214.5,7,mwb,,,,1.2,us,usp0005y6k,2020-01-03T18:36:53.016Z,"Hindu Kush region, Afghanistan",earthquake,,,,,reviewed,us,us
1993-08-08T08:34:24.930Z,12.982,144.801,59.3,7.8,mw,,,,1.1,us,usp0005y3k,2020-04-17T23:12:41.199Z,"Guam region",earthquake,,,,,reviewed,us,hrv
1993-07-12T13:17:11.960Z,42.851,139.197,16.7,7.7,mw,,,,1,us,usp0005w12,2020-04-17T23:12:20.857Z,"Hokkaido, Japan region",earthquake,,,,,reviewed,us,hrv
1993-06-08T13:03:36.480Z,51.218,157.829,70.6,7.5,mw,,,,1,us,usp0005u7b,2020-04-17T23:12:09.397Z,"near the east coast of the Kamchatka Peninsula, Russia",earthquake,,,,,reviewed,us,hrv
1993-05-24T23:51:28.240Z,-22.671,-66.543,221,7,mwb,,,,0.8,us,usp0005te6,2020-01-03T18:26:07.896Z,"Jujuy, Argentina",earthquake,,,,,reviewed,us,us
1993-05-11T18:26:51.320Z,7.219,126.57,58.7,7,mwb,,,,1.1,us,usp0005sm4,2020-04-17T23:11:46.861Z,"Mindanao, Philippines",earthquake,,,,,reviewed,us,us
1993-03-06T03:05:49.870Z,-10.972,164.181,20.4,7.1,mwb,,,,1.2,us,usp0005p26,2016-11-10T00:27:58.759Z,"Santa Cruz Islands region",earthquake,,,,,reviewed,us,us
1993-01-15T11:06:05.950Z,43.3,143.691,102.2,7.6,mw,,,,1.5,us,usp0005ktj,2020-04-17T23:11:03.782Z,"Hokkaido, Japan region",earthquake,,,,,reviewed,us,hrv
1992-12-20T20:52:47.280Z,-6.582,130.393,77.7,7.3,mw,,,,1.2,us,usp0005jjt,2020-04-17T23:10:50.273Z,"Banda Sea",earthquake,,,,,reviewed,us,hrv
1992-12-12T05:29:26.350Z,-8.48,121.896,27.7,7.8,mw,,,,1.4,us,usp0005j5a,2020-04-17T23:10:41.141Z,"Flores region, Indonesia",earthquake,,,,,reviewed,us,hrv
1992-10-18T15:11:59.110Z,7.075,-76.862,10,7.2,mwb,,,,1.3,us,usp0005fha,2020-04-17T23:10:00.294Z,"northern Colombia",earthquake,,,,,reviewed,us,us
1992-10-11T19:24:26.290Z,-19.247,168.948,129,7.4,mw,,,,1.1,us,usp0005f79,2020-04-17T23:09:46.812Z,"Vanuatu",earthquake,,,,,reviewed,us,hrv
1992-09-02T00:16:01.690Z,11.742,-87.34,44.8,7.7,mw,,,,1.3,us,usp0005ddn,2020-04-17T23:09:35.574Z,"near the coast of Nicaragua",earthquake,,,,,reviewed,us,hrv
1992-08-19T02:04:37.410Z,42.142,73.575,27.4,7.3,mwb,,,,1.1,us,usp0005cq0,2020-04-17T23:09:19.721Z,"Kyrgyzstan",earthquake,,,,,reviewed,us,us
1992-07-11T10:44:19.760Z,-22.483,-178.413,377.2,7.2,mw,,,,1.1,us,usp0005ap1,2016-11-10T00:40:07.190Z,"south of the Fiji Islands",earthquake,,,,,reviewed,us,hrv
1992-06-28T11:57:34.130Z,34.2,-116.437,-0.097,7.3,mw,0,43.4,,0.194,ci,ci3031111,2020-04-17T20:59:13.301Z,"Landers, California Earthquake",earthquake,,0.31,,0,reviewed,ci,ci
1992-05-27T05:13:38.810Z,-11.122,165.239,18.8,7,mw,,,,0.9,us,usp000585d,2020-04-17T23:08:48.162Z,"Santa Cruz Islands",earthquake,,,,,reviewed,us,hrv
1992-05-17T10:15:31.310Z,7.191,126.762,33,7.3,mwb,,,,1.1,us,usp00057gv,2020-04-17T23:08:34.666Z,"Mindanao, Philippines",earthquake,,,,,reviewed,us,us
1992-05-17T09:49:19.110Z,7.239,126.645,32.8,7.1,mw,,,,1.2,us,usp00057gu,2020-04-17T23:08:32.417Z,"Mindanao, Philippines",earthquake,,,,,reviewed,us,hrv
1992-05-15T07:05:05.340Z,-6.075,147.572,58,7.2,mw,,,,1.1,us,usp00057d0,2020-04-17T23:08:25.672Z,"eastern New Guinea region, Papua New Guinea",earthquake,,,,,reviewed,us,hrv
1992-04-25T18:06:05.180Z,40.3353333,-124.2286667,9.856,7.2,mh,9,115,0.1072,0.07,nc,nc269151,2020-05-12T23:34:25.278Z,"20km SSW of Rio Dell, California",earthquake,0.33,0.64,,0,reviewed,nc,nc
1991-12-27T04:05:58.240Z,-56.032,-25.266,10,7.2,mw,,,,1.4,us,usp000510y,2016-11-10T00:56:31.088Z,"South Sandwich Islands region",earthquake,,,,,reviewed,us,hrv
1991-12-22T08:43:13.410Z,45.533,151.021,24.7,7.6,mw,,,,0.9,us,usp00050sq,2020-03-27T22:08:24.801Z,"Kuril Islands",earthquake,,,,,reviewed,us,hrv
1991-11-19T22:28:51.090Z,4.554,-77.442,21.3,7.2,mw,,,,1.2,us,usp0004zbt,2020-04-17T23:06:57.698Z,"near the west coast of Colombia",earthquake,,,,,reviewed,us,hrv
1991-10-14T15:58:12.790Z,-9.094,158.442,23.4,7.2,mw,,,,1.3,us,usp0004xtq,2020-04-17T23:06:35.210Z,"Solomon Islands",earthquake,,,,,reviewed,us,hrv
1991-09-30T00:21:46.410Z,-20.878,-178.591,566.4,7,mw,,,,1,us,usp0004x7f,2016-11-10T00:47:27.954Z,"Fiji region",earthquake,,,,,reviewed,us,hrv
1991-08-17T22:17:09.970Z,41.679,-125.856,1.303,7,mh,90,295,1.473,0.09,nc,nc228064,2020-03-27T10:27:39.262Z,"136km WSW of Brookings, Oregon",earthquake,1.73,11.06,,0,reviewed,nc,nc
1991-07-06T12:19:49.560Z,-13.108,-72.187,104.5,7,mwb,,,,1.2,us,usp0004tuc,2020-04-17T23:05:43.016Z,"central Peru",earthquake,,,,,reviewed,us,us
1991-06-23T21:22:28.940Z,-26.802,-63.349,558,7.3,mw,,,,1,us,usp0004taw,2016-11-10T00:38:28.078Z,"Santiago Del Estero, Argentina",earthquake,,,,,reviewed,us,hrv
1991-06-20T05:18:52.510Z,1.196,122.787,31.4,7.5,mw,,,,1.2,us,usp0004t6g,2020-04-17T23:05:31.558Z,"Minahasa, Sulawesi, Indonesia",earthquake,,,,,reviewed,us,hrv
1991-06-09T07:45:02.130Z,-20.252,-176.218,265.5,7,mw,,,,1,us,usp0004sq2,2016-11-10T00:37:13.738Z,"Fiji region",earthquake,,,,,reviewed,us,hrv
1991-05-30T13:17:41.970Z,54.567,-161.606,28.4,7,mw,,,,1.1,us,usp0004s9h,2020-01-03T15:17:11.409Z,"Alaska Peninsula",earthquake,,,,,reviewed,us,hrv
1991-05-19T00:58:01.730Z,1.156,122.957,33,7,mw,,,,1.2,us,usp0004ru5,2020-04-17T23:05:03.955Z,"Minahasa, Sulawesi, Indonesia",earthquake,,,,,reviewed,us,nc
1991-04-29T09:12:48.100Z,42.453,43.673,17.2,7,mw,,,,1.2,us,usp0004qza,2020-04-17T23:04:48.205Z,"Georgia (Sak'art'velo)",earthquake,,,,,reviewed,us,hrv
1991-04-22T21:56:51.820Z,9.685,-83.073,10,7.6,mw,,,,1.2,us,usp0004qpg,2020-04-17T23:04:39.193Z,"Costa Rica",earthquake,,,,,reviewed,us,hrv
1991-04-05T04:19:49.520Z,-5.982,-77.094,19.8,7.1,mw,,,,1,us,usp0004pyn,2020-04-17T23:04:25.493Z,"northern Peru",earthquake,,,,,reviewed,us,par
1991-02-18T02:37:25.120Z,8.87,126.48,23.9,7,mw,,,,1.3,us,usp0004n2a,2020-04-17T23:03:51.500Z,"Mindanao, Philippines",earthquake,,,,,reviewed,us,nc
1991-01-05T14:57:11.590Z,23.613,95.901,19.7,7,mw,,,,1.3,us,usp0004k8g,2020-04-17T23:03:01.899Z,"Myanmar",earthquake,,,,,reviewed,us,hrv
1990-12-30T19:14:18.930Z,-5.097,150.967,178.6,7.5,mw,,,,1.2,us,usp0004k00,2020-04-17T23:02:59.653Z,"New Britain region, Papua New Guinea",earthquake,,,,,reviewed,us,hrv
1990-11-06T20:14:29.740Z,53.452,169.871,24.8,7.1,mw,,,,0.9,us,usp0004gkj,2016-11-10T00:51:10.434Z,"Komandorskiye Ostrova, Russia region",earthquake,,,,,reviewed,us,hrv
1990-10-17T14:30:13.160Z,-10.97,-70.776,598.8,7,mw,,,,1,us,usp0004fv5,2020-03-27T22:04:43.518Z,"Peru-Brazil border region",earthquake,,,,,reviewed,us,nc
1990-08-12T21:25:21.950Z,-19.435,169.132,140.4,7.1,mw,,,,1.1,us,usp0004dad,2020-04-17T23:01:26.115Z,"Vanuatu",earthquake,,,,,reviewed,us,hrv
1990-07-27T12:37:59.550Z,-15.355,167.464,125.7,7.2,mw,,,,1,us,usp0004cm6,2020-04-17T23:01:17.055Z,"Vanuatu",earthquake,,,,,reviewed,us,hrv
1990-07-16T07:26:34.610Z,15.679,121.172,25.1,7.7,mw,,,,1.1,us,usp0004bxs,2020-04-17T23:00:49.813Z,"Luzon, Philippines",earthquake,,,,,reviewed,us,hrv
1990-06-20T21:00:09.980Z,36.957,49.409,18.5,7.4,mw,,,,1.2,us,usp0004arq,2020-04-17T23:00:31.571Z,"northern Iran",earthquake,,,,,reviewed,us,hrv
1990-06-14T07:40:56.210Z,11.76,121.899,18.1,7.1,mw,,,,1.2,us,usp0004ag6,2020-04-17T23:00:11.719Z,"Panay, Philippines",earthquake,,,,,reviewed,us,hrv
1990-05-30T10:40:06.140Z,45.841,26.668,89.3,7,mw,,,,1,us,usp00049yk,2020-04-17T22:59:48.511Z,"Romania",earthquake,,,,,reviewed,us,hrv
1990-05-24T20:09:23.240Z,-7.363,120.363,588.9,7.1,mw,,,,0.9,us,usp00049qg,2020-01-03T14:12:34.871Z,"Flores Sea",earthquake,,,,,reviewed,us,hrv
1990-05-24T20:00:08.190Z,5.358,31.848,16,7.1,mw,,,,1,us,usp00049qe,2020-04-17T22:59:12.385Z,"Sudan",earthquake,,,,,reviewed,us,hrv
1990-05-20T02:22:01.620Z,5.121,32.145,14.9,7.2,mw,,,,1.1,us,usp00049hf,2020-04-17T22:59:00.977Z,"Sudan",earthquake,,,,,reviewed,us,nc
1990-05-12T04:50:08.710Z,49.037,141.847,605.7,7.2,mw,,,,0.8,us,usp000496v,2020-01-03T14:07:30.879Z,"Tatar Strait, Russia",earthquake,,,,,reviewed,us,hrv
1990-04-18T13:39:19.010Z,1.186,122.857,25.7,7.8,mw,,,,1.2,us,usp000482z,2020-04-17T22:58:23.932Z,"Minahasa, Sulawesi, Indonesia",earthquake,,,,,reviewed,us,par
1990-04-05T21:12:35.550Z,15.125,147.596,11.4,7.6,mw,,,,1.2,us,usp00047gj,2020-03-27T22:02:26.281Z,"Mariana Islands region",earthquake,,,,,reviewed,us,par
1990-03-25T13:22:55.600Z,9.919,-84.808,22.2,7.3,mw,,,,1.1,us,usp0004720,2020-04-17T22:58:10.290Z,"Costa Rica",earthquake,,,,,reviewed,us,hrv
1990-03-05T16:38:12.570Z,-18.318,168.063,20.7,7.1,mw,,,,1.2,us,usp000467e,2020-04-17T22:57:56.763Z,"Vanuatu",earthquake,,,,,reviewed,us,nc
1990-03-03T12:16:27.960Z,-22.122,175.163,33.2,7.6,mw,,,,1.3,us,usp000464d,2016-11-10T00:27:40.187Z,"south of the Fiji Islands",earthquake,,,,,reviewed,us,hrv
